AccX,AccY,AccZ,GyrX,GyrY,GyrZ,Time,Label
-2.79,-0.12,9.83,-0.03,-0.1,0.06,1721378802655,asphalt
-2.58,-0.11,11.41,0.03,-0.12,0.2,1721378802659,asphalt
-0.7,3.04,12.89,0.09,-0.04,0.38,1721378802668,asphalt
1.98,4.21,10.27,0.14,-0.11,0.36,1721378802678,asphalt
3.0,3.81,9.54,0.04,-0.1,0.15,1721378802688,asphalt
1.81,3.53,11.14,0.12,-0.1,-0.05,1721378802698,asphalt
-0.47,-0.88,8.85,-0.07,-0.11,-0.12,1721378802708,asphalt
-4.63,2.04,11.24,0.11,-0.14,0.0,1721378802718,asphalt
-2.32,0.8,8.09,0.06,-0.08,0.34,1721378802728,asphalt
-0.37,0.15,8.61,0.01,-0.11,0.48,1721378802738,asphalt
2.26,5.16,9.09,0.09,-0.07,0.31,1721378802747,asphalt
3.33,2.94,6.0,0.0,-0.2,0.01,1721378802757,asphalt
-0.11,-0.73,8.23,-0.09,-0.17,-0.17,1721378802767,asphalt
-1.23,-0.33,12.88,-0.05,-0.04,-0.08,1721378802777,asphalt
-3.5,-1.48,8.02,-0.01,-0.24,0.13,1721378802787,asphalt
-1.84,0.06,12.39,-0.16,0.05,0.21,1721378802797,asphalt
0.08,0.88,11.36,0.02,-0.29,0.25,1721378802807,asphalt
2.57,0.04,8.57,-0.1,-0.06,0.22,1721378802817,asphalt
3.62,0.3,10.28,-0.08,-0.18,-0.01,1721378802827,asphalt
1.31,-0.75,9.49,-0.05,-0.18,-0.17,1721378802837,asphalt
-0.19,-0.85,11.77,-0.1,-0.14,-0.05,1721378802847,asphalt
-1.24,-2.23,7.75,-0.03,-0.22,0.17,1721378802857,asphalt
0.38,-2.43,10.57,-0.15,0.01,0.23,1721378802867,asphalt
1.24,-1.38,11.45,-0.0,-0.16,0.23,1721378802877,asphalt
1.74,1.16,10.32,-0.02,-0.11,0.08,1721378802887,asphalt
1.09,2.15,10.77,-0.03,-0.19,-0.03,1721378802897,asphalt
0.86,2.33,10.23,-0.01,-0.14,0.03,1721378802907,asphalt
1.12,-0.92,11.85,-0.05,-0.06,0.08,1721378802917,asphalt
0.77,-0.83,9.56,0.02,-0.13,0.07,1721378802927,asphalt
0.72,-1.03,11.08,0.03,-0.05,0.02,1721378802937,asphalt
-0.11,-1.81,9.37,0.05,-0.14,0.05,1721378802947,asphalt
0.09,1.74,11.72,0.06,-0.04,0.12,1721378802957,asphalt
1.07,1.79,9.02,0.07,-0.14,0.21,1721378802967,asphalt
1.81,2.94,9.7,-0.02,-0.01,0.14,1721378802977,asphalt
2.51,0.04,10.93,0.02,-0.07,-0.03,1721378802987,asphalt
1.91,-3.54,9.2,0.04,-0.08,-0.13,1721378802997,asphalt
0.56,0.06,11.98,0.15,-0.0,-0.15,1721378803007,asphalt
0.67,2.83,7.57,0.2,-0.08,-0.0,1721378803017,asphalt
1.87,2.0,12.88,0.09,0.08,0.07,1721378803027,asphalt
2.33,4.38,11.55,0.18,-0.04,-0.12,1721378803037,asphalt
2.01,-1.26,10.15,0.0,0.04,-0.35,1721378803047,asphalt
-1.62,-1.12,12.32,0.15,-0.07,-0.37,1721378803057,asphalt
-2.59,3.2,8.73,0.21,0.03,-0.19,1721378803067,asphalt
-1.43,2.02,7.92,0.19,0.05,0.06,1721378803077,asphalt
1.14,1.95,8.57,0.16,0.11,0.11,1721378803087,asphalt
4.07,3.2,9.36,0.11,0.13,-0.04,1721378803097,asphalt
3.97,-0.47,8.8,0.01,0.06,-0.37,1721378803107,asphalt
0.79,-0.79,12.39,0.04,0.11,-0.56,1721378803117,asphalt
-2.11,0.16,10.49,0.13,-0.01,-0.47,1721378803127,asphalt
-2.77,2.43,9.46,0.06,0.13,-0.16,1721378803137,asphalt
0.26,2.6,9.91,0.0,0.12,-0.04,1721378803147,asphalt
2.4,1.06,10.01,-0.06,0.12,-0.18,1721378803157,asphalt
2.38,-1.82,8.11,-0.11,0.11,-0.42,1721378803167,asphalt
-0.56,-3.05,10.47,-0.06,0.08,-0.51,1721378803177,asphalt
-2.08,-0.13,10.42,-0.01,0.12,-0.28,1721378803187,asphalt
-2.99,1.19,7.61,0.0,0.12,-0.11,1721378803197,asphalt
-0.5,3.99,10.58,-0.06,0.22,-0.01,1721378803207,asphalt
1.34,1.01,10.2,-0.11,0.15,-0.18,1721378803217,asphalt
1.16,-1.87,10.25,-0.09,0.04,-0.42,1721378803227,asphalt
-0.29,-1.5,13.22,-0.12,0.14,-0.47,1721378803237,asphalt
-2.89,-0.98,8.53,0.06,0.02,-0.32,1721378803247,asphalt
-1.92,-2.14,12.96,-0.07,0.32,-0.07,1721378803257,asphalt
-0.34,-1.87,9.13,0.04,0.02,0.03,1721378803267,asphalt
1.46,1.97,13.49,-0.06,0.39,-0.12,1721378803277,asphalt
0.73,0.87,7.96,0.04,-0.09,-0.3,1721378803287,asphalt
-1.49,-1.01,10.55,-0.06,0.28,-0.39,1721378803297,asphalt
-2.52,-0.19,9.68,0.07,0.01,-0.14,1721378803307,asphalt
-2.42,-2.27,7.57,-0.03,0.17,0.12,1721378803317,asphalt
0.57,-0.27,9.75,-0.0,0.13,0.18,1721378803327,asphalt
2.06,-4.51,9.46,-0.14,0.15,-0.01,1721378803337,asphalt
0.34,0.18,13.56,0.03,0.11,-0.25,1721378803347,asphalt
-0.89,-1.25,9.2,0.02,0.02,-0.24,1721378803357,asphalt
-3.13,1.71,11.22,0.06,0.08,-0.09,1721378803367,asphalt
-1.48,0.67,7.23,0.0,0.09,0.08,1721378803377,asphalt
-1.7,0.18,9.32,-0.02,0.07,0.13,1721378803387,asphalt
0.09,-1.78,10.58,-0.07,0.04,0.08,1721378803397,asphalt
-1.95,-0.95,9.87,-0.0,-0.03,-0.03,1721378803407,asphalt
-2.17,3.81,8.51,0.06,-0.06,-0.04,1721378803417,asphalt
-2.01,1.4,10.21,-0.06,-0.06,0.12,1721378803427,asphalt
-1.39,4.48,12.71,0.01,-0.08,0.3,1721378803437,asphalt
1.72,1.64,11.7,-0.09,0.01,0.24,1721378803447,asphalt
0.7,1.98,11.3,0.06,-0.18,0.15,1721378803457,asphalt
0.17,-0.75,6.62,0.01,-0.12,0.01,1721378803467,asphalt
-1.74,2.18,14.56,0.08,-0.12,0.08,1721378803477,asphalt
-0.61,3.14,9.15,0.16,-0.18,0.3,1721378803487,asphalt
1.98,1.31,12.71,-0.01,-0.02,0.34,1721378803497,asphalt
2.99,4.88,10.71,0.17,-0.2,0.15,1721378803507,asphalt
2.94,2.15,8.89,0.06,-0.06,-0.17,1721378803517,asphalt
-0.88,1.5,11.77,0.14,-0.21,-0.31,1721378803527,asphalt
-4.42,1.24,7.54,0.13,-0.2,-0.05,1721378803537,asphalt
-3.61,2.43,10.79,0.1,-0.07,0.38,1721378803547,asphalt
0.65,1.3,6.69,0.09,-0.17,0.5,1721378803557,asphalt
3.81,1.66,9.74,0.0,-0.03,0.21,1721378803567,asphalt
3.41,3.09,8.37,0.1,-0.27,-0.16,1721378803577,asphalt
-0.28,-0.78,7.52,-0.04,-0.15,-0.32,1721378803587,asphalt
-3.0,0.37,8.43,0.04,-0.17,-0.08,1721378803597,asphalt
-0.94,-1.68,6.79,-0.16,-0.06,0.24,1721378803607,asphalt
0.76,-2.22,12.6,-0.17,-0.12,0.26,1721378803617,asphalt
3.27,0.61,11.57,-0.01,-0.16,0.05,1721378803627,asphalt
3.11,-1.87,7.52,-0.18,-0.2,-0.19,1721378803637,asphalt
0.84,-0.83,14.71,-0.12,-0.11,-0.29,1721378803647,asphalt
-0.75,-0.63,10.47,-0.16,-0.19,-0.21,1721378803657,asphalt
-1.87,-1.69,12.94,-0.09,-0.04,-0.05,1721378803667,asphalt
0.77,-3.4,7.08,-0.07,-0.09,0.03,1721378803677,asphalt
1.39,1.07,12.34,-0.05,0.04,-0.08,1721378803687,asphalt
2.46,-1.12,7.94,-0.16,-0.14,-0.08,1721378803697,asphalt
0.85,-3.03,9.39,-0.11,-0.01,-0.19,1721378803707,asphalt
1.5,-1.17,12.99,-0.1,0.03,-0.23,1721378803717,asphalt
0.28,-1.56,8.1,-0.07,-0.14,-0.22,1721378803727,asphalt
0.54,1.34,15.26,-0.15,0.17,-0.27,1721378803737,asphalt
-0.25,3.24,9.02,0.05,-0.16,-0.28,1721378803747,asphalt
0.09,-0.57,11.31,-0.2,0.23,-0.36,1721378803757,asphalt
-0.6,-0.02,11.41,0.04,-0.11,-0.3,1721378803767,asphalt
-0.55,-2.67,10.07,-0.14,0.16,-0.26,1721378803777,asphalt
-1.35,5.53,12.87,0.18,0.02,-0.18,1721378803787,asphalt
0.58,4.48,7.83,0.07,0.13,-0.08,1721378803797,asphalt
0.96,3.37,12.48,0.05,0.16,-0.04,1721378803807,asphalt
2.26,1.73,8.21,0.08,0.13,-0.17,1721378803817,asphalt
1.92,-1.98,11.24,0.06,0.16,-0.26,1721378803827,asphalt
0.41,-2.38,10.03,0.13,0.12,-0.3,1721378803837,asphalt
-1.17,2.98,11.52,0.21,0.19,-0.28,1721378803847,asphalt
-0.62,4.32,10.51,0.27,0.16,-0.16,1721378803857,asphalt
0.42,4.0,8.6,0.19,0.22,-0.16,1721378803867,asphalt
1.64,2.26,9.14,0.13,0.23,-0.19,1721378803877,asphalt
0.72,-2.59,12.77,-0.04,0.25,-0.34,1721378803887,asphalt
-1.95,2.68,11.16,0.28,0.1,-0.32,1721378803897,asphalt
-0.08,-1.12,5.56,0.06,0.28,-0.13,1721378803907,asphalt
0.07,5.46,11.4,0.19,0.2,-0.02,1721378803917,asphalt
3.35,4.08,6.59,0.04,0.34,-0.18,1721378803927,asphalt
1.46,0.98,12.16,-0.08,0.21,-0.42,1721378803937,asphalt
-0.29,-6.58,10.94,-0.08,0.21,-0.48,1721378803947,asphalt
-2.41,-1.97,12.6,0.02,0.25,-0.31,1721378803957,asphalt
-1.02,0.07,5.93,0.05,0.22,-0.05,1721378803967,asphalt
0.48,3.99,9.3,0.07,0.33,-0.05,1721378803977,asphalt
2.83,1.89,8.49,-0.0,0.27,-0.2,1721378803987,asphalt
1.09,0.69,14.02,-0.12,0.32,-0.46,1721378803997,asphalt
-2.47,-2.37,8.78,-0.04,0.1,-0.56,1721378804007,asphalt
-4.94,-5.27,13.1,-0.17,0.38,-0.34,1721378804017,asphalt
-5.08,1.16,8.57,0.18,0.08,0.07,1721378804027,asphalt
-1.2,-0.03,6.05,-0.09,0.37,0.27,1721378804037,asphalt
2.04,0.08,9.55,-0.06,0.16,0.18,1721378804047,asphalt
3.35,-1.77,10.88,-0.12,0.29,-0.18,1721378804057,asphalt
-0.34,-1.52,12.55,-0.12,0.08,-0.43,1721378804067,asphalt
-4.51,-0.2,8.71,-0.01,0.16,-0.35,1721378804077,asphalt
-5.78,-1.2,9.76,-0.07,0.14,0.08,1721378804087,asphalt
-3.27,-1.82,8.36,-0.05,0.14,0.43,1721378804097,asphalt
1.7,-1.06,11.65,-0.1,0.22,0.38,1721378804107,asphalt
2.92,-0.95,11.61,-0.01,-0.01,0.05,1721378804117,asphalt
1.0,1.45,10.69,0.04,0.06,-0.22,1721378804127,asphalt
-2.18,-1.3,12.19,-0.01,0.02,-0.09,1721378804137,asphalt
-3.95,-0.06,8.36,0.04,-0.02,0.21,1721378804147,asphalt
-0.59,-1.92,10.39,-0.03,0.17,0.47,1721378804157,asphalt
0.86,-0.26,9.87,0.04,-0.01,0.39,1721378804167,asphalt
1.22,-0.78,9.37,0.07,0.01,0.17,1721378804177,asphalt
-0.15,2.97,9.5,0.15,-0.11,0.02,1721378804187,asphalt
-1.55,0.26,11.15,0.04,-0.05,0.07,1721378804197,asphalt
-1.73,6.61,11.76,0.15,-0.09,0.25,1721378804207,asphalt
1.16,-1.58,9.17,-0.02,0.02,0.29,1721378804217,asphalt
0.42,0.11,11.2,0.15,-0.15,0.28,1721378804227,asphalt
1.01,-0.74,7.39,0.13,-0.03,0.19,1721378804237,asphalt
-1.2,1.83,11.22,0.19,-0.15,0.15,1721378804247,asphalt
-1.29,4.41,9.96,0.2,-0.11,0.22,1721378804257,asphalt
-0.4,4.47,8.84,0.18,-0.13,0.29,1721378804267,asphalt
1.38,0.85,8.93,0.12,-0.09,0.32,1721378804277,asphalt
1.68,2.49,11.2,0.11,-0.08,0.15,1721378804287,asphalt
0.44,1.78,8.71,0.14,-0.26,0.04,1721378804297,asphalt
-1.56,0.93,10.76,0.07,-0.12,0.04,1721378804307,asphalt
-0.72,0.72,10.07,0.15,-0.22,0.28,1721378804317,asphalt
1.26,0.45,8.47,-0.05,-0.03,0.35,1721378804327,asphalt
2.29,1.47,11.54,0.04,-0.19,0.14,1721378804337,asphalt
1.48,-2.02,7.69,-0.04,-0.18,-0.01,1721378804347,asphalt
-0.71,-0.97,10.53,-0.02,-0.17,0.03,1721378804357,asphalt
-0.75,1.36,7.15,-0.03,-0.18,0.15,1721378804367,asphalt
0.7,2.35,7.43,-0.1,-0.13,0.17,1721378804377,asphalt
2.34,-1.02,8.76,-0.26,-0.17,0.01,1721378804387,asphalt
1.27,1.14,12.23,-0.17,-0.2,-0.17,1721378804397,asphalt
-0.68,-1.18,10.57,-0.21,-0.2,-0.22,1721378804407,asphalt
-3.04,0.21,11.28,-0.11,-0.2,-0.03,1721378804417,asphalt
-1.12,-1.84,7.5,-0.23,-0.16,0.27,1721378804427,asphalt
1.89,0.06,10.58,-0.17,-0.1,0.38,1721378804437,asphalt
4.7,0.97,9.44,-0.24,-0.15,0.08,1721378804447,asphalt
4.0,-0.55,12.39,-0.21,-0.16,-0.22,1721378804457,asphalt
0.95,-0.94,9.65,-0.18,-0.22,-0.34,1721378804467,asphalt
-1.15,-3.71,12.01,-0.27,-0.06,-0.17,1721378804477,asphalt
-1.38,-0.6,12.31,-0.17,-0.13,0.07,1721378804487,asphalt
1.56,-2.45,11.49,-0.12,0.04,0.08,1721378804497,asphalt
2.79,0.26,12.34,-0.1,-0.07,0.0,1721378804507,asphalt
1.87,0.73,9.43,-0.1,-0.09,-0.26,1721378804517,asphalt
-1.31,2.55,14.87,-0.08,-0.07,-0.47,1721378804527,asphalt
-2.9,3.6,11.06,0.04,-0.11,-0.34,1721378804537,asphalt
-2.61,2.39,11.26,-0.07,-0.01,-0.06,1721378804547,asphalt
-0.03,0.56,8.52,0.09,-0.02,0.04,1721378804557,asphalt
1.05,-0.68,11.98,0.06,0.07,-0.05,1721378804567,asphalt
1.08,1.73,9.23,0.15,-0.07,-0.13,1721378804577,asphalt
-0.33,-0.82,8.3,0.01,-0.0,-0.14,1721378804587,asphalt
-1.36,2.18,12.28,0.1,-0.02,-0.09,1721378804597,asphalt
0.49,5.81,8.89,0.09,0.01,0.03,1721378804607,asphalt
1.85,-0.96,9.97,0.0,0.04,0.02,1721378804617,asphalt
2.65,-0.97,9.91,0.06,0.06,-0.12,1721378804627,asphalt
2.3,0.1,11.47,0.07,0.04,-0.24,1721378804637,asphalt
-0.93,1.72,11.6,0.09,-0.0,-0.3,1721378804647,asphalt
-1.17,3.45,7.16,0.13,0.14,-0.17,1721378804662,asphalt
-0.53,1.2,7.19,0.02,0.11,-0.11,1721378804666,asphalt
0.62,1.96,10.16,0.02,0.06,-0.09,1721378804676,asphalt
1.29,2.19,9.23,0.08,0.09,-0.21,1721378804686,asphalt
1.48,-0.35,9.33,0.03,0.11,-0.22,1721378804696,asphalt
1.22,-1.89,8.04,0.03,0.07,-0.19,1721378804706,asphalt
1.34,0.43,11.31,-0.02,0.21,-0.26,1721378804716,asphalt
1.05,0.54,12.13,0.01,0.1,-0.34,1721378804726,asphalt
0.37,0.02,11.99,0.02,0.13,-0.33,1721378804736,asphalt
0.73,2.37,9.56,0.06,0.16,-0.24,1721378804746,asphalt
1.39,-3.75,10.66,-0.15,0.18,-0.19,1721378804756,asphalt
0.44,2.58,12.94,0.11,0.16,-0.25,1721378804766,asphalt
2.04,0.18,8.41,-0.01,0.25,-0.32,1721378804776,asphalt
-1.18,3.99,11.68,0.17,0.2,-0.39,1721378804786,asphalt
-0.75,0.74,6.86,0.07,0.29,-0.38,1721378804796,asphalt
-2.8,2.37,12.84,0.04,0.22,-0.29,1721378804806,asphalt
-0.51,-0.02,8.4,0.03,0.19,-0.15,1721378804816,asphalt
0.05,-0.76,14.04,-0.04,0.33,-0.17,1721378804826,asphalt
1.14,-1.02,6.86,0.07,0.06,-0.14,1721378804836,asphalt
0.17,-1.98,12.35,-0.05,0.36,-0.29,1721378804846,asphalt
-0.43,1.07,9.72,0.04,0.11,-0.26,1721378804856,asphalt
-1.87,0.4,9.52,-0.04,0.35,-0.36,1721378804866,asphalt
-1.52,-3.23,10.29,-0.08,0.18,-0.36,1721378804876,asphalt
-2.35,-3.33,11.22,-0.01,0.28,-0.38,1721378804886,asphalt
-2.12,-5.73,7.64,-0.05,0.1,-0.27,1721378804896,asphalt
-3.27,-3.81,7.21,0.15,0.23,-0.19,1721378804906,asphalt
-1.01,-4.76,6.56,0.07,0.2,-0.09,1721378804916,asphalt
-2.87,-0.16,8.99,0.2,0.1,-0.11,1721378804926,asphalt
-1.41,1.06,11.16,0.12,0.24,-0.04,1721378804936,asphalt
-2.73,3.39,10.98,0.16,0.06,-0.07,1721378804946,asphalt
-2.03,2.16,8.7,0.03,0.11,0.04,1721378804956,asphalt
-0.98,-1.61,10.11,0.01,0.12,0.12,1721378804966,asphalt
-1.19,3.31,10.06,0.13,0.03,0.22,1721378804976,asphalt
-0.05,2.32,9.86,-0.01,0.05,0.26,1721378804986,asphalt
-0.39,3.63,10.65,0.0,-0.07,0.25,1721378804996,asphalt
1.44,0.57,13.29,-0.03,0.05,0.21,1721378805006,asphalt
1.26,-1.75,10.61,0.06,-0.09,0.17,1721378805016,asphalt
2.22,-2.13,12.23,0.02,0.08,0.13,1721378805026,asphalt
-0.02,5.23,10.87,0.33,-0.15,0.11,1721378805036,asphalt
1.22,4.36,10.59,0.12,0.11,-0.03,1721378805046,asphalt
-0.74,5.46,14.59,0.3,-0.14,-0.05,1721378805056,asphalt
0.57,-0.29,8.35,0.2,0.05,-0.03,1721378805066,asphalt
-1.17,2.41,11.26,0.24,0.05,0.02,1721378805076,asphalt
-1.31,1.2,4.34,0.24,-0.09,0.08,1721378805086,asphalt
-2.88,5.4,8.54,0.19,-0.04,0.19,1721378805096,asphalt
-1.37,4.03,0.58,0.18,-0.09,0.29,1721378805106,asphalt
0.16,1.1,3.64,-0.09,0.01,0.28,1721378805116,asphalt
1.31,-0.42,4.23,-0.13,-0.04,0.18,1721378805126,asphalt
1.08,-1.08,7.08,-0.28,-0.04,0.12,1721378805136,asphalt
0.91,-3.99,8.21,-0.25,-0.06,0.17,1721378805146,asphalt
0.9,-0.45,12.96,-0.17,-0.06,0.18,1721378805156,asphalt
2.37,-0.64,10.8,-0.22,-0.07,0.06,1721378805166,asphalt
0.5,-2.21,14.09,-0.32,-0.12,-0.06,1721378805176,asphalt
-1.51,-1.14,17.08,-0.17,-0.12,-0.16,1721378805186,asphalt
-2.99,-3.34,11.46,-0.21,-0.2,-0.01,1721378805196,asphalt
-3.49,-2.99,8.46,-0.17,-0.1,0.25,1721378805206,asphalt
0.65,-0.9,7.63,-0.14,-0.05,0.42,1721378805216,asphalt
3.99,2.47,9.43,-0.13,-0.01,0.25,1721378805226,asphalt
4.35,5.33,12.41,-0.14,-0.14,-0.05,1721378805236,asphalt
2.18,3.1,11.87,-0.2,-0.17,-0.25,1721378805246,asphalt
-1.02,-2.9,12.98,-0.24,-0.15,-0.25,1721378805256,asphalt
-2.29,-2.99,14.14,-0.22,0.02,-0.1,1721378805266,asphalt
-2.15,-0.54,11.14,-0.07,-0.02,0.17,1721378805276,asphalt
0.32,-3.06,12.46,-0.13,0.04,0.27,1721378805286,asphalt
1.48,5.54,11.34,0.01,-0.1,0.2,1721378805296,asphalt
3.57,3.61,10.43,-0.12,-0.0,0.04,1721378805306,asphalt
2.47,-1.76,11.18,-0.19,-0.03,-0.16,1721378805316,asphalt
0.65,-3.19,13.08,-0.15,0.09,-0.36,1721378805326,asphalt
-2.35,-1.54,10.43,-0.02,-0.1,-0.24,1721378805336,asphalt
-2.59,1.36,11.06,-0.1,0.12,0.01,1721378805346,asphalt
0.23,3.74,9.74,0.01,0.02,0.25,1721378805356,asphalt
3.46,-0.49,8.52,-0.12,0.13,0.11,1721378805366,asphalt
4.31,-0.43,11.48,-0.03,0.04,-0.25,1721378805376,asphalt
0.61,-0.51,7.3,0.03,-0.07,-0.47,1721378805386,asphalt
-2.73,4.02,9.15,0.19,0.08,-0.37,1721378805396,asphalt
-2.95,5.4,3.8,0.21,-0.01,0.05,1721378805406,asphalt
1.5,2.18,7.28,-0.18,0.24,0.32,1721378805416,asphalt
4.69,0.07,16.56,-0.17,0.14,0.21,1721378805426,asphalt
4.89,-1.87,15.52,-0.08,0.07,-0.24,1721378805436,asphalt
-0.13,1.94,12.21,0.14,0.02,-0.46,1721378805446,asphalt
-1.98,2.47,9.11,0.1,0.12,-0.24,1721378805456,asphalt
-2.64,4.72,9.65,0.12,0.12,0.15,1721378805466,asphalt
3.19,2.22,9.32,-0.08,0.33,0.26,1721378805476,asphalt
4.97,-0.53,13.54,-0.11,0.2,-0.07,1721378805486,asphalt
4.07,-0.55,13.58,0.01,0.17,-0.5,1721378805496,asphalt
-1.07,0.13,12.62,0.08,0.1,-0.65,1721378805506,asphalt
-4.41,2.88,9.4,0.17,0.13,-0.4,1721378805516,asphalt
-2.94,3.83,10.21,0.06,0.26,-0.01,1721378805526,asphalt
1.0,0.3,11.03,0.09,0.23,0.02,1721378805536,asphalt
3.47,-0.2,9.75,0.06,0.24,-0.26,1721378805546,asphalt
1.6,-1.02,10.29,0.12,0.19,-0.55,1721378805556,asphalt
-2.26,0.51,7.73,0.2,0.11,-0.5,1721378805566,asphalt
-3.96,1.03,5.77,0.1,0.24,-0.19,1721378805576,asphalt
-2.62,0.47,7.72,0.01,0.23,0.06,1721378805586,asphalt
0.29,-2.35,9.9,-0.11,0.27,0.04,1721378805596,asphalt
1.45,-2.06,10.65,-0.06,0.12,-0.1,1721378805606,asphalt
1.44,-1.88,10.07,-0.02,0.19,-0.21,1721378805616,asphalt
-0.94,-1.24,9.86,-0.0,0.07,-0.2,1721378805626,asphalt
-1.18,0.74,12.49,0.0,0.29,-0.05,1721378805636,asphalt
-0.79,-1.01,11.44,-0.09,0.17,0.06,1721378805646,asphalt
-0.72,-1.32,13.16,0.04,0.2,-0.05,1721378805656,asphalt
-0.29,-0.12,11.26,0.02,0.18,-0.14,1721378805666,asphalt
-2.38,-0.21,9.03,0.19,0.04,-0.21,1721378805676,asphalt
-2.72,-0.89,9.24,0.05,0.09,-0.02,1721378805686,asphalt
-3.11,0.1,9.08,0.1,-0.01,0.11,1721378805696,asphalt
-0.42,-0.23,9.95,0.02,0.11,0.17,1721378805706,asphalt
-0.28,-4.55,10.56,-0.0,-0.01,0.04,1721378805716,asphalt
-1.62,2.39,11.32,0.15,0.03,-0.05,1721378805726,asphalt
-1.22,1.09,9.32,0.09,0.04,-0.02,1721378805736,asphalt
-2.64,1.24,7.88,0.08,-0.07,0.23,1721378805746,asphalt
0.53,0.37,11.03,-0.03,0.14,0.25,1721378805756,asphalt
0.4,-1.26,9.92,0.07,-0.13,0.2,1721378805766,asphalt
0.96,0.15,11.74,0.02,0.07,0.07,1721378805776,asphalt
-1.55,3.27,9.0,0.2,-0.26,0.13,1721378805786,asphalt
-1.83,3.88,6.6,0.08,-0.0,0.19,1721378805796,asphalt
-0.61,3.1,12.22,0.02,-0.1,0.36,1721378805806,asphalt
0.68,0.96,10.79,-0.01,-0.11,0.37,1721378805816,asphalt
2.38,-0.22,14.08,-0.01,-0.02,0.22,1721378805826,asphalt
-0.08,1.04,7.88,0.2,-0.3,0.16,1721378805836,asphalt
0.67,1.62,7.39,0.02,0.0,0.26,1721378805846,asphalt
0.46,2.49,8.6,0.05,-0.24,0.37,1721378805856,asphalt
2.6,3.33,8.28,-0.09,-0.04,0.23,1721378805866,asphalt
2.99,1.91,10.77,-0.09,-0.17,-0.0,1721378805876,asphalt
-0.16,0.39,8.74,-0.08,-0.22,-0.18,1721378805886,asphalt
-2.52,-0.02,10.21,-0.09,-0.12,-0.16,1721378805896,asphalt
-4.52,-0.49,10.32,-0.0,-0.23,0.15,1721378805906,asphalt
-0.73,0.0,9.53,-0.02,-0.03,0.42,1721378805916,asphalt
2.82,1.02,10.9,-0.03,-0.07,0.39,1721378805926,asphalt
4.78,5.06,8.32,-0.03,-0.06,-0.04,1721378805936,asphalt
1.98,1.04,9.65,-0.22,-0.19,-0.38,1721378805946,asphalt
-3.5,0.18,11.58,-0.11,-0.24,-0.38,1721378805956,asphalt
-1.97,-4.13,11.42,-0.13,-0.03,-0.04,1721378805966,asphalt
-0.51,-0.42,12.62,-0.09,-0.12,0.21,1721378805976,asphalt
3.48,-2.07,8.96,-0.18,0.03,0.18,1721378805986,asphalt
4.28,-3.11,11.77,-0.19,-0.03,-0.08,1721378805996,asphalt
2.64,-4.59,9.33,-0.12,-0.09,-0.37,1721378806006,asphalt
-0.59,-2.27,14.96,-0.09,-0.06,-0.46,1721378806016,asphalt
-1.64,-1.6,9.84,-0.01,-0.15,-0.24,1721378806026,asphalt
-2.76,-0.35,10.32,-0.13,0.05,-0.07,1721378806036,asphalt
-0.23,1.39,11.47,-0.08,0.06,0.04,1721378806046,asphalt
0.82,-3.52,8.3,-0.18,0.0,-0.08,1721378806056,asphalt
-0.49,-0.82,13.19,-0.09,0.05,-0.35,1721378806066,asphalt
-0.43,0.4,9.55,-0.03,-0.05,-0.35,1721378806076,asphalt
-1.63,-2.88,8.32,-0.16,-0.0,-0.1,1721378806086,asphalt
0.05,0.78,12.09,-0.04,0.16,0.03,1721378806096,asphalt
3.16,-2.4,7.1,-0.11,0.06,0.02,1721378806106,asphalt
2.14,2.22,12.99,-0.08,0.19,-0.27,1721378806116,asphalt
1.67,1.71,11.41,0.03,0.04,-0.34,1721378806126,asphalt
-0.45,-0.77,9.68,-0.03,0.11,-0.23,1721378806136,asphalt
0.19,-0.69,11.99,0.02,0.18,-0.1,1721378806146,asphalt
0.79,0.23,12.76,0.07,0.15,-0.11,1721378806156,asphalt
0.99,5.18,13.91,0.26,0.21,-0.19,1721378806166,asphalt
1.12,2.17,6.5,0.26,0.12,-0.24,1721378806176,asphalt
-0.55,1.36,8.77,0.17,0.21,-0.3,1721378806186,asphalt
-0.76,-1.11,7.19,0.22,0.14,-0.24,1721378806196,asphalt
0.73,-5.31,10.98,0.1,0.34,-0.21,1721378806206,asphalt
-0.22,1.88,9.77,0.47,0.08,-0.16,1721378806216,asphalt
1.59,10.31,12.31,0.29,0.48,-0.26,1721378806226,asphalt
-0.94,20.18,12.3,0.39,0.04,-0.19,1721378806236,asphalt
0.49,-3.48,2.16,-0.3,0.26,-0.19,1721378806246,asphalt
0.29,-15.63,24.58,-0.45,0.45,-0.35,1721378806256,asphalt
-2.84,2.3,10.38,0.37,-0.17,-0.25,1721378806266,asphalt
-1.23,1.56,2.2,-0.16,0.54,-0.26,1721378806276,asphalt
-4.19,0.58,12.21,0.25,-0.02,-0.03,1721378806286,asphalt
-1.81,3.34,4.43,0.03,0.29,0.16,1721378806296,asphalt
0.85,4.42,11.46,-0.12,0.16,0.18,1721378806306,asphalt
4.53,-4.38,8.87,-0.18,0.17,-0.02,1721378806316,asphalt
3.37,-0.44,8.72,0.01,0.13,-0.39,1721378806326,asphalt
-0.09,-2.31,4.47,0.08,0.09,-0.51,1721378806336,asphalt
-5.0,-2.92,6.99,-0.05,0.12,-0.29,1721378806346,asphalt
-5.6,1.37,12.25,0.03,0.25,0.04,1721378806356,asphalt
-1.87,-0.32,12.58,-0.19,0.25,0.18,1721378806366,asphalt
-1.18,3.7,11.87,0.09,0.11,-0.0,1721378806376,asphalt
1.6,-2.0,2.49,-0.05,0.09,-0.12,1721378806386,asphalt
-1.49,-2.55,2.68,-0.05,-0.04,-0.18,1721378806396,asphalt
-0.04,0.9,0.15,-0.03,0.19,0.03,1721378806406,asphalt
2.1,-9.62,20.99,-0.71,0.43,-0.02,1721378806416,asphalt
-0.6,-2.04,37.92,0.03,-0.05,-0.04,1721378806426,asphalt
-0.03,-1.12,14.61,0.33,-0.2,-0.04,1721378806436,asphalt
-2.47,-0.53,2.41,-0.21,0.17,0.16,1721378806446,asphalt
0.47,0.39,10.37,-0.03,0.21,0.48,1721378806456,asphalt
2.56,-2.31,9.71,0.18,0.08,0.31,1721378806466,asphalt
3.67,3.05,8.68,0.16,0.05,-0.04,1721378806476,asphalt
2.23,-0.97,8.26,0.06,0.03,-0.22,1721378806486,asphalt
-1.02,3.83,12.6,0.01,0.12,-0.21,1721378806496,asphalt
-2.16,2.66,10.87,0.04,0.05,-0.08,1721378806506,asphalt
-3.56,-0.35,7.05,0.11,0.04,0.06,1721378806516,asphalt
-2.24,-3.49,4.47,0.08,0.09,0.11,1721378806526,asphalt
-0.4,-0.51,8.21,0.01,0.1,0.08,1721378806536,asphalt
0.43,1.73,9.99,-0.03,0.11,-0.04,1721378806546,asphalt
-0.28,1.83,11.49,0.07,0.05,-0.18,1721378806556,asphalt
-2.78,1.19,8.37,0.1,-0.04,-0.04,1721378806566,asphalt
-2.76,0.75,10.31,0.07,0.11,0.3,1721378806576,asphalt
0.66,-0.19,8.9,-0.01,0.07,0.4,1721378806586,asphalt
1.69,1.72,10.6,-0.01,-0.01,0.11,1721378806596,asphalt
1.75,-1.31,9.44,-0.01,-0.12,-0.19,1721378806606,asphalt
-1.68,-0.57,12.77,0.07,-0.11,-0.21,1721378806616,asphalt
-3.6,-0.45,6.18,0.14,-0.13,-0.01,1721378806626,asphalt
-3.21,1.35,10.56,0.01,-0.03,0.22,1721378806636,asphalt
-1.82,0.8,11.59,0.13,-0.09,0.29,1721378806646,asphalt
0.47,3.0,11.8,0.12,-0.03,0.16,1721378806656,asphalt
-0.34,2.53,11.91,0.07,-0.17,0.07,1721378806671,asphalt
-0.13,1.81,11.07,0.06,-0.11,0.13,1721378806675,asphalt
-0.13,1.71,11.67,-0.01,-0.09,0.17,1721378806685,asphalt
0.62,2.7,9.47,0.1,-0.15,0.2,1721378806695,asphalt
1.26,-1.13,10.21,-0.0,-0.04,0.13,1721378806705,asphalt
0.91,-1.54,10.41,0.13,-0.17,0.02,1721378806715,asphalt
-0.49,-0.92,8.8,0.09,-0.09,-0.05,1721378806725,asphalt
-1.88,-0.14,10.7,0.08,-0.13,0.07,1721378806735,asphalt
-2.32,-0.19,11.26,0.16,-0.15,0.28,1721378806745,asphalt
0.5,-2.56,8.87,0.04,-0.1,0.61,1721378806755,asphalt
2.91,-0.74,8.36,0.13,-0.13,0.51,1721378806765,asphalt
4.54,-1.06,10.08,-0.05,-0.08,0.22,1721378806775,asphalt
1.86,-2.01,11.13,0.06,-0.27,0.03,1721378806785,asphalt
0.39,2.66,8.93,0.03,-0.0,0.01,1721378806795,asphalt
0.73,-2.66,6.99,-0.05,-0.19,0.15,1721378806805,asphalt
0.35,-0.69,9.0,-0.07,-0.06,0.25,1721378806815,asphalt
3.0,-0.34,9.08,-0.1,-0.08,0.19,1721378806825,asphalt
2.38,1.39,7.49,-0.1,-0.11,0.04,1721378806835,asphalt
2.82,-3.12,9.1,-0.24,0.01,-0.08,1721378806845,asphalt
0.08,-0.5,12.39,-0.19,-0.08,-0.14,1721378806855,asphalt
-0.81,-3.37,10.28,-0.14,-0.08,-0.01,1721378806865,asphalt
-0.41,1.27,10.18,-0.09,0.0,0.08,1721378806875,asphalt
2.5,1.0,9.32,-0.06,-0.06,0.11,1721378806885,asphalt
2.14,1.49,8.77,-0.08,0.03,0.02,1721378806895,asphalt
2.33,-2.39,9.31,-0.11,-0.04,-0.06,1721378806905,asphalt
-0.4,1.93,12.24,0.01,0.01,-0.17,1721378806915,asphalt
-0.52,-0.1,9.75,0.06,0.0,-0.09,1721378806925,asphalt
-1.78,1.87,11.32,0.11,0.0,0.03,1721378806935,asphalt
0.46,2.86,9.99,0.09,0.04,0.07,1721378806945,asphalt
0.79,3.24,13.64,0.01,0.01,0.0,1721378806955,asphalt
1.37,-0.34,11.84,0.01,-0.02,-0.07,1721378806965,asphalt
0.9,0.82,11.22,-0.02,0.09,-0.13,1721378806975,asphalt
-0.23,1.48,10.97,0.02,-0.02,-0.1,1721378806985,asphalt
-0.68,2.61,11.62,0.04,0.06,-0.11,1721378806995,asphalt
0.33,1.31,11.16,0.09,0.03,-0.04,1721378807005,asphalt
1.53,2.45,12.31,0.08,0.1,-0.05,1721378807015,asphalt
1.92,1.56,10.29,0.11,0.04,-0.16,1721378807025,asphalt
1.29,2.4,12.4,0.04,0.11,-0.31,1721378807035,asphalt
-0.97,2.38,10.69,0.22,-0.07,-0.3,1721378807045,asphalt
-1.17,0.1,8.33,0.15,0.11,-0.2,1721378807055,asphalt
-0.3,0.95,8.87,0.22,0.01,-0.13,1721378807065,asphalt
1.37,2.65,6.07,0.18,0.09,-0.2,1721378807075,asphalt
1.32,-0.53,6.54,0.11,0.05,-0.34,1721378807085,asphalt
-0.66,0.58,8.35,0.13,0.07,-0.39,1721378807095,asphalt
-1.61,-3.6,7.47,-0.0,0.13,-0.41,1721378807105,asphalt
-3.21,-1.27,12.56,0.03,0.06,-0.18,1721378807115,asphalt
-2.33,0.16,8.2,0.04,0.04,-0.03,1721378807125,asphalt
0.64,-0.91,11.57,0.0,0.17,0.05,1721378807135,asphalt
1.72,-0.28,9.37,0.01,0.02,-0.12,1721378807145,asphalt
1.18,-1.65,10.35,-0.03,0.1,-0.3,1721378807155,asphalt
-0.79,-0.68,11.04,-0.09,0.05,-0.34,1721378807165,asphalt
-2.75,-2.23,11.25,-0.03,0.13,-0.23,1721378807175,asphalt
-2.92,-0.43,11.81,-0.01,0.07,-0.03,1721378807185,asphalt
-1.07,1.43,8.35,0.05,0.06,0.07,1721378807195,asphalt
1.79,-0.23,9.97,-0.09,0.11,0.03,1721378807205,asphalt
1.85,-1.21,8.88,0.03,0.01,-0.2,1721378807215,asphalt
0.96,-0.1,10.21,-0.1,0.11,-0.34,1721378807225,asphalt
-2.11,-0.23,9.5,0.05,-0.08,-0.29,1721378807235,asphalt
-2.3,0.8,8.91,-0.04,0.14,-0.14,1721378807245,asphalt
-1.0,0.86,11.87,-0.03,0.07,0.0,1721378807255,asphalt
-0.22,2.15,9.62,-0.06,0.09,-0.08,1721378807265,asphalt
0.88,0.17,11.64,-0.11,0.09,-0.23,1721378807275,asphalt
-0.22,-2.4,9.21,-0.1,-0.02,-0.27,1721378807285,asphalt
-1.83,1.67,11.69,-0.01,0.18,-0.25,1721378807295,asphalt
-2.17,1.25,8.39,0.07,-0.03,-0.14,1721378807305,asphalt
-1.4,0.46,9.61,-0.07,0.12,0.03,1721378807315,asphalt
-0.47,4.14,11.44,0.04,0.04,0.08,1721378807325,asphalt
1.18,2.4,9.35,-0.03,0.07,-0.04,1721378807335,asphalt
0.43,2.95,10.07,0.04,0.03,-0.18,1721378807345,asphalt
-0.22,-0.24,7.56,-0.03,0.02,-0.2,1721378807355,asphalt
-2.47,0.03,11.53,-0.03,0.03,-0.15,1721378807365,asphalt
-2.85,0.7,12.44,0.02,0.03,-0.07,1721378807375,asphalt
-2.5,2.17,12.17,0.07,-0.06,0.08,1721378807385,asphalt
-0.23,1.35,7.77,0.06,-0.0,0.08,1721378807395,asphalt
-0.05,2.9,12.35,-0.02,0.03,-0.03,1721378807405,asphalt
-1.47,0.16,8.0,0.02,-0.12,-0.09,1721378807415,asphalt
-1.82,0.35,12.97,-0.11,0.12,0.02,1721378807425,asphalt
-0.27,1.5,8.86,0.04,-0.09,0.14,1721378807435,asphalt
1.9,-1.55,9.9,-0.14,0.07,0.13,1721378807445,asphalt
1.55,-0.21,11.66,0.01,-0.01,0.05,1721378807455,asphalt
0.47,-2.86,9.88,-0.08,-0.02,-0.0,1721378807465,asphalt
-3.73,-0.3,11.29,-0.03,-0.07,-0.07,1721378807475,asphalt
-3.67,1.59,12.38,0.03,0.0,0.08,1721378807485,asphalt
-0.91,-0.28,10.61,-0.07,-0.09,0.29,1721378807495,asphalt
1.87,-0.99,8.36,-0.02,-0.04,0.34,1721378807505,asphalt
4.06,-2.02,11.33,-0.08,0.02,0.09,1721378807515,asphalt
2.37,-0.14,10.17,-0.04,-0.11,-0.12,1721378807525,asphalt
0.44,-1.34,8.42,-0.06,-0.0,-0.13,1721378807535,asphalt
-0.65,-2.22,10.42,-0.04,0.03,-0.02,1721378807545,asphalt
-0.03,-1.6,8.98,-0.07,0.01,0.16,1721378807555,asphalt
1.54,2.54,11.14,-0.06,0.11,0.15,1721378807565,asphalt
3.06,0.6,9.52,-0.09,0.03,-0.01,1721378807575,asphalt
2.17,-1.3,9.1,-0.15,0.07,-0.19,1721378807585,asphalt
0.34,-3.08,11.51,-0.09,0.03,-0.26,1721378807595,asphalt
-1.34,-0.55,9.27,-0.0,0.05,-0.15,1721378807605,asphalt
-1.19,0.53,11.54,-0.05,0.17,0.1,1721378807615,asphalt
-0.28,2.98,8.97,0.16,-0.0,0.14,1721378807625,asphalt
2.36,2.79,10.47,0.04,0.25,0.04,1721378807635,asphalt
1.99,1.56,9.95,0.07,-0.01,-0.12,1721378807645,asphalt
1.1,-0.31,12.1,-0.09,0.15,-0.2,1721378807655,asphalt
-1.85,1.71,10.59,0.2,0.02,-0.17,1721378807665,asphalt
-1.06,-0.82,7.15,0.13,0.17,-0.06,1721378807675,asphalt
-0.67,0.46,11.53,0.19,0.13,0.15,1721378807685,asphalt
1.71,5.09,13.24,0.14,0.23,0.17,1721378807695,asphalt
2.1,8.71,12.83,0.19,0.1,0.01,1721378807705,asphalt
1.98,2.99,9.0,0.07,0.11,-0.16,1721378807715,asphalt
0.78,-0.87,10.29,-0.02,0.13,-0.22,1721378807725,asphalt
-0.44,-2.77,12.28,-0.05,0.16,-0.22,1721378807735,asphalt
-1.81,2.48,11.48,0.14,0.08,-0.11,1721378807745,asphalt
0.09,0.01,6.91,0.04,0.17,0.01,1721378807755,asphalt
0.69,1.41,11.61,0.12,0.17,-0.02,1721378807765,asphalt
0.4,2.76,7.18,0.17,-0.0,-0.19,1721378807775,asphalt
0.28,1.21,11.02,-0.01,0.18,-0.24,1721378807785,asphalt
-1.67,1.45,6.01,0.12,-0.09,-0.23,1721378807795,asphalt
-0.87,-3.2,7.68,-0.15,0.22,-0.14,1721378807805,asphalt
-1.41,-1.3,8.54,-0.02,-0.04,-0.03,1721378807815,asphalt
0.64,-1.6,9.52,-0.16,0.26,-0.03,1721378807825,asphalt
0.77,-4.05,9.16,-0.21,-0.0,-0.09,1721378807835,asphalt
-2.6,-0.66,12.18,-0.1,0.22,-0.27,1721378807845,asphalt
-3.53,-2.21,10.3,-0.13,-0.03,-0.11,1721378807855,asphalt
-3.83,0.42,5.45,-0.0,0.02,0.06,1721378807865,asphalt
2.3,-2.39,10.78,-0.17,0.26,0.27,1721378807875,asphalt
2.53,-2.47,11.59,-0.1,-0.05,0.07,1721378807885,asphalt
1.04,-1.61,13.5,-0.03,0.14,-0.23,1721378807895,asphalt
-1.94,-2.32,13.34,-0.13,-0.04,-0.22,1721378807905,asphalt
-5.54,-2.73,12.72,-0.06,0.01,-0.07,1721378807915,asphalt
-3.7,3.23,11.99,-0.03,0.06,0.22,1721378807925,asphalt
-0.42,-1.05,6.87,0.06,-0.04,0.3,1721378807935,asphalt
3.05,0.83,9.03,-0.05,0.09,0.18,1721378807945,asphalt
3.69,-0.06,10.76,-0.02,-0.04,-0.09,1721378807955,asphalt
1.05,2.28,12.19,-0.03,-0.05,-0.27,1721378807965,asphalt
-1.89,-0.51,10.54,0.07,-0.1,-0.27,1721378807975,asphalt
-3.11,0.22,10.62,0.06,-0.0,-0.01,1721378807985,asphalt
-1.28,2.0,11.74,0.14,0.02,0.16,1721378807995,asphalt
-0.12,4.46,10.39,0.12,-0.05,0.1,1721378808005,asphalt
1.0,5.39,12.73,0.07,-0.01,-0.0,1721378808015,asphalt
-0.79,1.97,7.71,0.23,-0.21,-0.04,1721378808025,asphalt
-0.71,0.38,8.15,0.15,0.05,-0.04,1721378808035,asphalt
-1.47,4.41,10.5,0.29,-0.17,0.12,1721378808045,asphalt
0.01,3.95,7.93,0.13,0.01,0.04,1721378808055,asphalt
-1.37,3.9,11.65,0.14,-0.19,-0.02,1721378808065,asphalt
-2.28,5.27,7.12,0.02,-0.09,-0.01,1721378808075,asphalt
-2.04,0.75,8.4,-0.12,-0.14,0.17,1721378808085,asphalt
-0.68,-2.59,10.03,-0.09,-0.1,0.26,1721378808095,asphalt
1.82,-2.56,11.52,0.0,-0.09,0.17,1721378808105,asphalt
1.41,-3.37,6.7,0.05,-0.21,0.03,1721378808115,asphalt
0.08,2.45,9.8,-0.02,-0.06,-0.08,1721378808125,asphalt
-0.44,2.65,9.48,-0.06,-0.23,-0.0,1721378808135,asphalt
-0.66,0.7,10.75,-0.1,-0.07,0.14,1721378808145,asphalt
0.51,-1.28,8.44,-0.08,-0.14,0.17,1721378808155,asphalt
1.55,-4.0,8.62,-0.11,-0.08,0.17,1721378808165,asphalt
0.67,-3.34,9.75,-0.17,-0.13,0.13,1721378808175,asphalt
-0.33,0.61,11.49,-0.09,-0.13,0.13,1721378808185,asphalt
0.46,-2.0,9.89,-0.08,-0.09,0.13,1721378808195,asphalt
1.42,-2.33,8.46,-0.2,-0.17,0.13,1721378808205,asphalt
1.03,-2.58,10.72,-0.15,-0.14,0.07,1721378808215,asphalt
2.67,-2.85,11.53,-0.13,-0.04,0.09,1721378808225,asphalt
1.72,-2.58,11.28,-0.09,-0.22,0.14,1721378808235,asphalt
1.07,-2.14,11.65,-0.2,0.03,0.04,1721378808245,asphalt
0.13,0.18,16.36,-0.14,-0.08,-0.08,1721378808255,asphalt
-0.42,-2.0,12.64,-0.12,-0.09,-0.01,1721378808265,asphalt
-1.01,1.8,10.39,-0.04,-0.05,0.09,1721378808275,asphalt
0.34,1.04,7.48,0.02,-0.06,0.18,1721378808285,asphalt
0.89,1.87,10.8,-0.01,0.01,0.11,1721378808295,asphalt
1.83,5.41,9.69,0.12,-0.11,0.0,1721378808305,asphalt
2.09,1.95,10.31,0.03,0.03,-0.1,1721378808315,asphalt
0.74,0.93,11.7,0.15,-0.12,-0.02,1721378808325,asphalt
2.87,2.07,9.34,0.11,0.11,0.01,1721378808335,asphalt
2.86,1.7,10.33,0.25,-0.02,-0.04,1721378808345,asphalt
2.96,1.42,8.74,0.22,0.08,-0.17,1721378808355,asphalt
0.51,1.59,11.67,0.17,0.02,-0.31,1721378808365,asphalt
-1.36,3.51,11.09,0.2,-0.02,-0.26,1721378808375,asphalt
-1.28,-1.24,6.72,0.09,0.04,-0.15,1721378808385,asphalt
-0.23,-1.97,10.17,0.03,0.13,-0.06,1721378808395,asphalt
1.59,-0.05,9.87,0.08,0.08,-0.1,1721378808405,asphalt
0.68,1.34,10.8,0.1,0.07,-0.21,1721378808415,asphalt
-0.03,3.35,10.28,0.13,0.07,-0.25,1721378808425,asphalt
-0.63,1.1,7.35,0.01,0.02,-0.14,1721378808435,asphalt
0.74,2.66,9.92,-0.08,0.21,-0.07,1721378808445,asphalt
1.71,-0.71,7.5,-0.07,0.04,-0.21,1721378808455,asphalt
-0.11,0.38,7.69,-0.07,0.09,-0.46,1721378808465,asphalt
-0.55,-2.79,9.4,-0.16,0.09,-0.27,1721378808475,asphalt
-3.05,0.08,12.29,0.01,0.01,-0.11,1721378808485,asphalt
0.2,2.07,7.41,-0.05,0.11,-0.12,1721378808495,asphalt
1.86,3.67,10.29,-0.06,0.04,-0.23,1721378808505,asphalt
1.65,0.18,7.0,-0.2,0.03,-0.49,1721378808515,asphalt
-2.16,-1.59,10.58,-0.15,0.1,-0.55,1721378808525,asphalt
-3.02,-4.59,12.84,-0.24,0.07,-0.33,1721378808535,asphalt
-4.57,-0.34,11.5,-0.08,0.12,-0.12,1721378808545,asphalt
-1.68,-0.87,12.27,-0.2,0.25,0.06,1721378808555,asphalt
-0.59,1.97,11.13,-0.02,0.03,0.01,1721378808565,asphalt
3.37,1.02,7.55,-0.1,0.22,-0.06,1721378808575,asphalt
2.35,-2.14,10.77,-0.12,0.05,-0.29,1721378808585,asphalt
0.81,-0.01,12.37,-0.02,0.1,-0.38,1721378808595,asphalt
-1.43,3.11,10.04,-0.0,0.12,-0.35,1721378808605,asphalt
-2.68,-0.38,10.49,0.0,0.12,-0.19,1721378808615,asphalt
-1.25,-0.51,12.08,0.01,0.24,-0.05,1721378808625,asphalt
0.66,1.24,10.52,0.05,0.19,-0.08,1721378808635,asphalt
0.89,1.89,9.28,0.09,0.17,-0.21,1721378808645,asphalt
-0.16,-2.87,8.85,-0.01,0.11,-0.24,1721378808655,asphalt
-1.93,-0.57,11.85,0.09,0.13,-0.2,1721378808665,asphalt
-0.5,-0.92,10.17,0.09,0.24,-0.09,1721378808680,asphalt
-2.22,1.4,12.1,0.11,0.23,-0.14,1721378808684,asphalt
-0.98,3.02,9.41,0.18,0.12,-0.18,1721378808694,asphalt
-1.72,-1.02,7.94,0.09,0.14,-0.25,1721378808704,asphalt
-2.64,-0.08,10.05,0.12,0.12,-0.16,1721378808714,asphalt
-2.71,0.74,10.72,0.09,0.1,-0.01,1721378808724,asphalt
-2.38,6.07,11.15,0.18,0.08,0.03,1721378808734,asphalt
0.15,0.83,7.59,0.05,0.04,0.03,1721378808744,asphalt
-0.32,-0.98,10.66,0.06,0.05,0.02,1721378808754,asphalt
0.68,-1.62,10.45,0.06,0.07,-0.02,1721378808764,asphalt
-0.79,1.12,13.75,0.18,0.04,0.0,1721378808774,asphalt
-0.29,3.44,9.82,0.25,0.02,0.03,1721378808784,asphalt
-0.74,3.82,9.67,0.18,-0.0,0.11,1721378808794,asphalt
1.03,1.9,10.18,0.05,0.06,0.08,1721378808804,asphalt
0.58,-1.01,13.86,0.06,0.03,-0.02,1721378808814,asphalt
-0.89,0.22,9.99,0.17,0.02,-0.15,1721378808824,asphalt
-2.19,0.83,6.58,0.16,0.01,-0.15,1721378808834,asphalt
-3.86,2.47,6.96,0.14,-0.06,0.11,1721378808844,asphalt
-0.93,1.77,7.79,0.06,0.03,0.33,1721378808854,asphalt
1.87,1.3,7.43,0.03,-0.05,0.31,1721378808864,asphalt
1.97,2.03,6.89,-0.0,-0.02,0.01,1721378808874,asphalt
-1.0,-1.68,6.77,-0.11,-0.1,-0.2,1721378808884,asphalt
-4.12,-1.61,10.05,-0.09,-0.08,-0.06,1721378808894,asphalt
-4.15,-1.88,11.56,-0.05,-0.1,0.32,1721378808904,asphalt
-1.08,-0.5,10.83,-0.03,-0.01,0.48,1721378808914,asphalt
3.02,-0.76,10.65,-0.11,-0.08,0.37,1721378808924,asphalt
3.28,0.12,9.01,-0.02,-0.16,0.16,1721378808934,asphalt
3.04,-0.48,11.28,-0.14,-0.06,-0.07,1721378808944,asphalt
-0.91,2.84,11.45,0.16,-0.21,-0.09,1721378808954,asphalt
-0.53,-1.99,8.6,-0.1,-0.01,0.06,1721378808964,asphalt
-2.08,1.23,11.83,0.02,-0.16,0.19,1721378808974,asphalt
1.04,-1.27,10.2,-0.14,0.0,0.1,1721378808984,asphalt
1.69,-0.15,13.04,-0.02,-0.2,0.03,1721378808994,asphalt
2.23,0.06,4.99,0.01,-0.11,-0.12,1721378809004,asphalt
-0.36,-0.91,11.12,-0.03,-0.08,-0.2,1721378809014,asphalt
-1.15,-7.62,10.44,-0.04,-0.22,-0.01,1721378809024,asphalt
-1.13,-2.69,11.5,0.04,0.02,0.15,1721378809034,asphalt
1.46,-1.17,9.84,0.08,-0.08,0.16,1721378809044,asphalt
1.36,7.53,11.34,0.17,0.01,0.04,1721378809054,asphalt
0.76,8.08,7.26,0.11,-0.1,-0.12,1721378809064,asphalt
0.44,0.29,11.42,-0.21,0.03,-0.17,1721378809074,asphalt
-0.66,-6.05,13.35,-0.12,-0.12,-0.07,1721378809084,asphalt
-0.79,-0.72,10.34,0.05,-0.02,-0.09,1721378809094,asphalt
0.89,1.43,7.28,-0.0,-0.02,-0.01,1721378809104,asphalt
0.57,-2.74,10.2,0.0,-0.05,0.02,1721378809114,asphalt
2.04,1.0,11.82,0.06,0.08,-0.06,1721378809124,asphalt
0.55,0.72,10.55,0.04,-0.09,-0.1,1721378809134,asphalt
-0.71,2.07,12.07,0.06,0.07,-0.06,1721378809144,asphalt
-0.35,2.72,12.5,0.04,0.0,0.05,1721378809154,asphalt
0.56,2.0,10.28,0.12,-0.03,0.11,1721378809164,asphalt
2.79,-1.83,7.98,0.03,0.03,-0.01,1721378809174,asphalt
2.67,-0.59,12.94,0.04,0.08,-0.23,1721378809184,asphalt
1.07,4.22,10.63,0.15,0.04,-0.37,1721378809194,asphalt
-0.68,3.29,2.91,0.21,-0.0,-0.21,1721378809204,asphalt
0.15,2.34,0.1,0.01,0.18,-0.04,1721378809214,asphalt
1.65,-0.83,7.78,-0.25,0.15,-0.03,1721378809224,asphalt
0.78,-0.15,19.66,-0.19,0.17,-0.28,1721378809234,asphalt
-0.39,-1.69,16.88,-0.02,0.0,-0.39,1721378809244,asphalt
-3.02,3.2,10.33,-0.02,0.06,-0.27,1721378809254,asphalt
-1.86,0.4,7.6,-0.14,0.15,-0.05,1721378809264,asphalt
0.44,-1.18,9.7,-0.14,0.17,-0.01,1721378809274,asphalt
2.56,-0.16,9.58,-0.09,0.16,-0.07,1721378809284,asphalt
2.22,-0.93,8.3,-0.13,0.09,-0.29,1721378809294,asphalt
0.91,2.4,11.37,-0.13,0.16,-0.42,1721378809304,asphalt
-1.14,-1.33,8.48,-0.17,0.0,-0.37,1721378809314,asphalt
-2.33,-1.81,14.83,-0.19,0.21,-0.26,1721378809324,asphalt
-0.68,-0.72,13.52,-0.07,0.11,-0.12,1721378809334,asphalt
0.64,1.08,10.85,-0.06,0.2,-0.1,1721378809344,asphalt
0.64,3.67,8.39,0.04,0.16,-0.27,1721378809354,asphalt
0.25,0.4,8.93,-0.02,0.17,-0.34,1721378809364,asphalt
-2.11,-0.48,8.53,-0.01,0.1,-0.26,1721378809374,asphalt
-1.66,-1.62,9.97,-0.04,0.25,-0.15,1721378809384,asphalt
-1.87,-1.11,11.39,-0.05,0.14,-0.05,1721378809394,asphalt
-0.64,2.41,13.35,-0.01,0.23,-0.01,1721378809404,asphalt
-0.01,1.64,10.02,0.02,0.08,-0.12,1721378809414,asphalt
0.59,-0.85,11.01,-0.07,0.25,-0.22,1721378809424,asphalt
-0.28,2.27,13.06,0.11,0.11,-0.22,1721378809434,asphalt
-1.6,-2.88,6.96,0.07,0.09,-0.22,1721378809444,asphalt
-2.79,-1.28,12.22,0.12,0.21,-0.09,1721378809454,asphalt
-0.36,-0.03,8.8,0.11,0.18,0.09,1721378809464,asphalt
-0.78,1.32,11.1,0.13,0.11,0.04,1721378809474,asphalt
0.45,1.21,8.92,0.1,0.11,-0.08,1721378809484,asphalt
-0.65,-1.3,8.56,-0.03,0.13,-0.11,1721378809494,asphalt
-1.47,-3.23,7.71,0.05,0.08,-0.07,1721378809504,asphalt
-0.62,-3.37,9.32,0.09,0.2,0.0,1721378809514,asphalt
0.41,-0.83,10.81,0.14,0.06,0.14,1721378809524,asphalt
0.55,3.87,11.8,0.17,0.19,0.01,1721378809534,asphalt
-0.21,4.52,8.19,0.23,-0.04,-0.05,1721378809544,asphalt
-0.89,3.86,8.06,0.1,0.12,-0.04,1721378809554,asphalt
-1.34,0.33,9.05,0.15,-0.02,0.03,1721378809564,asphalt
-1.47,1.81,12.07,0.11,0.14,-0.02,1721378809574,asphalt
-2.41,2.94,12.19,0.13,-0.08,0.05,1721378809584,asphalt
-1.55,3.62,10.05,0.16,0.06,0.2,1721378809594,asphalt
1.0,-1.32,8.05,-0.02,0.02,0.16,1721378809604,asphalt
0.67,0.9,12.2,-0.02,0.02,-0.07,1721378809614,asphalt
0.34,-1.8,6.3,0.09,-0.17,-0.07,1721378809624,asphalt
-2.54,-0.18,8.65,-0.02,0.02,-0.04,1721378809634,asphalt
-1.67,-0.77,14.57,0.03,-0.07,0.15,1721378809644,asphalt
-2.28,2.46,12.44,0.14,-0.11,0.25,1721378809654,asphalt
-0.09,5.27,10.9,0.08,-0.04,0.26,1721378809664,asphalt
0.13,3.17,6.36,0.07,-0.17,0.15,1721378809674,asphalt
0.1,1.61,4.64,0.0,-0.11,0.18,1721378809684,asphalt
-0.17,-0.15,3.71,-0.07,-0.12,0.23,1721378809694,asphalt
1.04,-1.92,8.19,-0.19,-0.06,0.23,1721378809704,asphalt
0.35,-0.91,8.86,-0.15,-0.16,0.1,1721378809714,asphalt
-0.64,-0.85,11.19,-0.19,-0.12,0.02,1721378809724,asphalt
-1.34,0.9,9.44,-0.15,-0.19,0.06,1721378809734,asphalt
-0.42,-4.17,12.57,-0.31,-0.03,0.23,1721378809744,asphalt
-0.7,-5.05,14.77,-0.21,-0.22,0.27,1721378809754,asphalt
0.95,-1.76,15.68,-0.09,-0.08,0.26,1721378809764,asphalt
2.94,1.48,11.48,-0.05,-0.18,0.18,1721378809774,asphalt
2.27,4.23,9.45,0.09,-0.14,0.06,1721378809784,asphalt
1.44,3.69,5.77,-0.05,-0.14,-0.04,1721378809794,asphalt
-0.3,-0.51,11.52,-0.15,-0.1,-0.02,1721378809804,asphalt
-0.48,-7.09,9.63,-0.13,-0.17,0.03,1721378809814,asphalt
-0.27,-2.6,12.87,-0.07,-0.06,0.0,1721378809824,asphalt
0.76,0.1,8.49,0.02,-0.21,0.06,1721378809834,asphalt
1.64,-0.11,13.51,-0.0,0.01,0.08,1721378809844,asphalt
2.03,3.01,11.47,0.11,-0.15,0.02,1721378809854,asphalt
2.44,2.35,12.01,-0.03,-0.02,-0.09,1721378809864,asphalt
1.54,-0.56,11.48,0.0,-0.1,-0.16,1721378809874,asphalt
-0.06,0.38,10.83,0.02,-0.02,-0.24,1721378809884,asphalt
-0.09,2.68,11.61,0.06,0.01,-0.15,1721378809894,asphalt
0.21,-0.48,8.25,0.11,-0.08,-0.03,1721378809904,asphalt
1.62,-0.16,8.59,0.08,0.1,-0.13,1721378809914,asphalt
1.73,0.74,7.78,0.04,-0.04,-0.22,1721378809924,asphalt
0.47,3.89,10.88,0.12,0.19,-0.29,1721378809934,asphalt
-0.44,-1.13,7.74,0.12,0.01,-0.26,1721378809944,asphalt
-1.2,1.21,13.08,0.08,0.17,-0.12,1721378809954,asphalt
0.34,1.1,10.3,0.08,0.01,-0.02,1721378809964,asphalt
1.04,0.38,11.27,0.05,0.11,-0.07,1721378809974,asphalt
1.81,2.99,12.05,0.19,0.09,-0.23,1721378809984,asphalt
1.47,3.0,7.28,0.21,0.05,-0.33,1721378809994,asphalt
0.18,0.25,7.25,0.03,0.19,-0.32,1721378810004,asphalt
-0.91,-0.9,9.3,-0.0,0.13,-0.23,1721378810014,asphalt
-0.47,-2.09,9.81,-0.09,0.17,-0.16,1721378810024,asphalt
0.07,-0.9,9.33,0.01,0.11,-0.16,1721378810034,asphalt
0.26,0.98,8.84,-0.01,0.16,-0.27,1721378810044,asphalt
-0.45,0.48,12.14,0.0,0.15,-0.31,1721378810054,asphalt
-1.68,1.08,12.58,0.02,0.15,-0.25,1721378810064,asphalt
-1.71,2.07,12.18,-0.04,0.17,-0.19,1721378810074,asphalt
-1.03,3.61,8.77,0.04,0.11,-0.17,1721378810084,asphalt
0.28,-0.46,7.88,-0.06,0.17,-0.13,1721378810094,asphalt
0.26,-2.85,7.8,-0.08,0.11,-0.1,1721378810104,asphalt
0.11,-1.57,9.17,-0.14,0.16,-0.19,1721378810114,asphalt
-0.91,0.68,12.11,-0.09,0.1,-0.23,1721378810124,asphalt
-1.3,-0.94,8.83,-0.09,0.14,-0.26,1721378810134,asphalt
-2.17,1.43,10.97,-0.06,0.11,-0.13,1721378810144,asphalt
-1.38,-4.73,9.96,-0.14,0.1,-0.01,1721378810154,asphalt
-0.81,-1.87,14.69,-0.09,0.16,-0.02,1721378810164,asphalt
-0.13,0.65,10.9,0.04,0.03,-0.05,1721378810174,asphalt
-1.77,2.42,8.8,0.05,0.04,-0.08,1721378810184,asphalt
-1.86,1.5,9.36,0.07,0.08,-0.01,1721378810194,asphalt
-0.66,2.87,7.77,0.0,0.09,0.13,1721378810204,asphalt
1.22,-2.98,7.72,-0.02,0.08,0.15,1721378810214,asphalt
1.84,-3.51,8.49,-0.07,0.11,-0.09,1721378810224,asphalt
-0.68,-2.5,12.3,-0.05,0.02,-0.22,1721378810234,asphalt
-3.2,2.86,11.12,0.16,-0.01,-0.02,1721378810244,asphalt
-1.82,2.48,9.61,0.14,0.12,0.22,1721378810254,asphalt
0.01,4.73,10.16,0.13,-0.01,0.27,1721378810264,asphalt
1.98,-1.14,11.89,-0.04,0.07,0.16,1721378810274,asphalt
0.61,-0.72,12.74,0.04,-0.03,-0.14,1721378810284,asphalt
-1.02,-1.64,11.34,-0.03,0.01,-0.26,1721378810294,asphalt
-4.13,2.78,9.44,0.14,-0.16,0.01,1721378810304,asphalt
-1.82,-0.6,5.26,0.09,-0.0,0.3,1721378810314,asphalt
2.24,1.82,12.44,0.01,0.08,0.3,1721378810324,asphalt
3.18,-0.22,8.26,0.07,-0.14,0.03,1721378810334,asphalt
1.04,1.06,11.04,-0.03,0.05,-0.38,1721378810344,asphalt
-2.9,-1.03,12.62,0.04,-0.18,-0.35,1721378810354,asphalt
-5.73,1.08,10.46,0.1,-0.06,-0.0,1721378810364,asphalt
-2.07,0.75,10.21,0.11,-0.02,0.43,1721378810374,asphalt
2.26,4.17,7.89,0.15,-0.01,0.44,1721378810384,asphalt
5.18,3.73,8.0,0.04,-0.04,0.07,1721378810394,asphalt
2.23,2.39,6.63,0.05,-0.22,-0.32,1721378810404,asphalt
-1.01,-1.69,7.17,-0.09,-0.04,-0.41,1721378810414,asphalt
-5.13,-1.16,11.35,-0.04,-0.16,-0.13,1721378810424,asphalt
-3.95,-0.49,10.06,-0.01,-0.04,0.27,1721378810434,asphalt
-0.94,0.74,8.84,-0.02,-0.06,0.44,1721378810444,asphalt
2.78,1.25,10.98,-0.1,-0.01,0.25,1721378810454,asphalt
2.44,2.47,13.47,-0.02,-0.15,-0.01,1721378810464,asphalt
0.11,-0.72,7.81,-0.07,-0.19,-0.2,1721378810474,asphalt
-1.76,0.7,15.02,-0.18,-0.06,-0.06,1721378810484,asphalt
-0.5,-0.95,12.93,-0.05,-0.18,0.2,1721378810494,asphalt
1.15,-0.62,10.81,-0.1,-0.11,0.19,1721378810504,asphalt
2.08,-2.24,7.73,-0.14,-0.11,-0.04,1721378810514,asphalt
-0.29,-1.06,11.03,-0.1,-0.17,-0.1,1721378810524,asphalt
-1.09,-2.16,7.56,-0.01,-0.2,0.0,1721378810534,asphalt
-1.13,0.06,10.39,-0.0,-0.1,0.14,1721378810544,asphalt
2.14,-0.42,10.3,-0.02,-0.06,0.23,1721378810554,asphalt
2.76,-0.4,11.57,-0.09,-0.08,0.04,1721378810564,asphalt
2.17,-1.13,9.91,-0.03,-0.16,-0.18,1721378810574,asphalt
-0.07,1.15,10.53,0.03,-0.07,-0.19,1721378810584,asphalt
-0.47,-2.02,6.03,0.04,-0.15,-0.06,1721378810594,asphalt
-1.11,-2.2,8.78,0.02,-0.04,0.03,1721378810604,asphalt
1.44,1.66,11.42,0.05,-0.02,0.07,1721378810614,asphalt
1.71,1.7,12.2,0.02,-0.07,-0.07,1721378810624,asphalt
1.73,0.14,11.99,-0.0,-0.04,-0.21,1721378810634,asphalt
0.0,0.15,12.75,0.0,-0.03,-0.23,1721378810644,asphalt
0.16,1.43,9.0,0.09,-0.08,-0.06,1721378810654,asphalt
0.95,-1.83,13.73,-0.02,0.05,-0.04,1721378810664,asphalt
1.46,2.62,12.49,0.19,-0.08,-0.1,1721378810674,asphalt
0.7,3.16,12.21,0.19,0.05,-0.26,1721378810689,asphalt
-0.33,4.43,11.01,0.26,-0.05,-0.25,1721378810693,asphalt
-0.4,1.0,7.69,0.18,0.07,-0.24,1721378810703,asphalt
-1.42,1.71,9.76,0.2,0.1,-0.16,1721378810713,asphalt
-0.36,-1.01,6.21,0.15,0.08,-0.1,1721378810723,asphalt
-0.72,-0.23,8.98,0.09,0.04,-0.04,1721378810733,asphalt
0.08,-0.22,8.28,0.11,0.06,-0.08,1721378810743,asphalt
0.52,1.07,10.42,0.11,0.06,-0.14,1721378810753,asphalt
0.12,2.37,7.39,0.19,0.01,-0.15,1721378810763,asphalt
-0.06,1.08,6.21,0.03,0.07,-0.13,1721378810773,asphalt
-0.56,1.38,12.38,-0.01,0.08,-0.16,1721378810783,asphalt
-0.21,1.13,11.57,-0.02,0.09,-0.15,1721378810793,asphalt
-0.28,1.06,8.97,-0.05,0.11,-0.16,1721378810803,asphalt
-0.45,0.38,5.48,-0.0,0.08,-0.18,1721378810813,asphalt
0.42,-0.12,9.46,-0.24,0.19,-0.21,1721378810823,asphalt
-0.77,2.28,15.4,-0.05,0.0,-0.16,1721378810833,asphalt
1.44,-0.6,8.34,-0.16,0.15,-0.15,1721378810843,asphalt
0.67,1.08,10.67,-0.16,0.13,-0.15,1721378810853,asphalt
0.52,2.01,13.72,-0.12,0.21,-0.22,1721378810863,asphalt
-1.29,-2.23,11.44,-0.09,-0.01,-0.34,1721378810873,asphalt
-5.74,6.83,12.9,0.13,-0.15,-0.09,1721378810883,asphalt
-2.77,-7.15,5.84,-0.41,0.21,0.43,1721378810893,asphalt
-1.87,4.39,11.27,0.06,0.09,0.25,1721378810903,asphalt
8.33,-0.04,8.05,-0.17,0.18,-0.4,1721378810913,asphalt
4.1,0.58,7.28,-0.0,-0.5,-1.01,1721378810923,asphalt
1.64,-4.98,9.12,0.09,0.04,-1.0,1721378810933,asphalt
-5.23,-4.29,5.46,0.03,-0.04,-0.44,1721378810943,asphalt
-7.22,-0.01,14.36,0.02,0.36,0.32,1721378810953,asphalt
-3.79,0.1,17.57,-0.19,0.22,0.63,1721378810963,asphalt
-0.32,2.79,10.2,-0.1,-0.03,0.32,1721378810973,asphalt
4.01,-0.09,8.93,-0.12,0.13,-0.09,1721378810983,asphalt
2.7,-2.22,8.93,-0.17,-0.09,-0.42,1721378810993,asphalt
-1.62,0.53,11.66,-0.0,-0.03,-0.52,1721378811003,asphalt
-2.63,-4.84,11.23,-0.05,-0.06,-0.34,1721378811013,asphalt
-2.88,1.64,9.44,0.06,-0.04,0.08,1721378811023,asphalt
1.02,-2.26,11.98,-0.02,0.14,0.37,1721378811033,asphalt
2.03,7.19,9.24,0.14,0.08,0.17,1721378811043,asphalt
2.89,-2.25,11.34,-0.03,0.11,-0.15,1721378811053,asphalt
-1.68,-0.68,8.81,0.12,-0.11,-0.35,1721378811063,asphalt
-1.26,0.79,9.4,0.06,0.11,-0.24,1721378811073,asphalt
-2.4,2.53,10.78,0.21,-0.09,-0.05,1721378811083,asphalt
-0.41,1.45,8.78,0.13,0.14,0.01,1721378811093,asphalt
0.85,1.03,11.37,0.11,0.03,-0.09,1721378811103,asphalt
0.35,7.04,8.5,0.21,0.05,-0.2,1721378811113,asphalt
-0.03,-2.85,9.61,0.02,0.02,-0.23,1721378811123,asphalt
-1.5,0.91,12.21,0.05,0.09,-0.23,1721378811133,asphalt
-1.73,2.98,10.81,0.01,-0.03,-0.05,1721378811143,asphalt
-0.82,-1.86,6.26,0.01,-0.04,0.13,1721378811153,asphalt
1.53,3.6,9.55,0.05,0.12,0.03,1721378811163,asphalt
2.08,0.41,9.45,0.02,-0.06,-0.29,1721378811173,asphalt
-1.75,2.77,8.43,0.11,-0.03,-0.41,1721378811183,asphalt
-2.74,-1.4,8.12,-0.06,0.01,-0.2,1721378811193,asphalt
-3.56,1.03,12.85,0.02,0.03,0.14,1721378811203,asphalt
1.47,1.82,10.3,0.05,0.08,0.27,1721378811213,asphalt
3.04,2.26,8.75,0.07,-0.05,0.07,1721378811223,asphalt
2.13,0.69,9.43,-0.03,0.01,-0.34,1721378811233,asphalt
-2.64,0.82,11.81,-0.01,-0.16,-0.29,1721378811243,asphalt
-4.08,0.64,10.4,-0.0,0.03,0.06,1721378811253,asphalt
-1.82,-3.64,7.18,-0.05,-0.08,0.27,1721378811263,asphalt
-0.77,0.5,9.4,-0.07,-0.02,0.17,1721378811273,asphalt
0.79,-0.1,13.22,-0.09,-0.05,0.02,1721378811283,asphalt
-0.52,0.46,10.6,0.01,-0.18,-0.02,1721378811293,asphalt
-0.16,-0.97,12.6,-0.05,0.05,0.01,1721378811303,asphalt
-1.98,-0.33,11.12,0.03,-0.19,0.13,1721378811313,asphalt
-0.02,2.94,11.31,-0.07,0.0,0.31,1721378811323,asphalt
2.29,-0.56,8.13,-0.05,-0.13,0.28,1721378811333,asphalt
3.12,-2.07,9.62,-0.11,-0.05,0.01,1721378811343,asphalt
0.11,-2.61,8.82,-0.01,-0.23,-0.19,1721378811353,asphalt
-1.92,1.41,11.22,-0.06,-0.06,-0.13,1721378811363,asphalt
-1.63,0.04,9.86,-0.02,-0.19,0.1,1721378811373,asphalt
-0.09,1.05,9.58,-0.03,-0.05,0.22,1721378811383,asphalt
3.02,-0.06,6.13,0.04,-0.1,0.1,1721378811393,asphalt
2.48,-2.15,10.72,-0.14,-0.03,-0.13,1721378811403,asphalt
-0.34,1.78,14.73,-0.05,-0.22,-0.17,1721378811413,asphalt
0.05,3.78,12.15,-0.01,-0.03,-0.08,1721378811423,asphalt
-0.17,-0.23,9.91,-0.03,-0.18,0.09,1721378811433,asphalt
1.15,-0.81,9.33,-0.02,-0.06,0.03,1721378811443,asphalt
1.49,0.71,12.66,-0.1,-0.08,-0.04,1721378811453,asphalt
0.59,-2.83,8.71,0.02,-0.15,-0.14,1721378811463,asphalt
-0.23,1.33,10.46,0.01,-0.0,-0.2,1721378811473,asphalt
-0.34,1.47,8.77,0.07,-0.13,-0.08,1721378811483,asphalt
-0.09,-0.11,13.91,-0.02,-0.02,0.09,1721378811493,asphalt
1.41,4.99,12.35,0.11,-0.05,0.01,1721378811503,asphalt
2.27,1.21,7.3,-0.01,-0.04,-0.13,1721378811513,asphalt
0.52,-1.87,9.95,-0.04,-0.07,-0.2,1721378811523,asphalt
-0.21,0.05,11.11,-0.01,-0.01,-0.22,1721378811533,asphalt
-0.78,0.73,9.38,0.03,-0.08,-0.03,1721378811543,asphalt
0.07,2.01,8.69,0.13,-0.0,0.04,1721378811553,asphalt
2.32,1.28,7.72,0.07,0.03,-0.1,1721378811563,asphalt
1.54,-0.29,12.47,-0.02,-0.02,-0.26,1721378811573,asphalt
-0.09,1.79,11.19,0.11,-0.06,-0.3,1721378811583,asphalt
-0.75,-0.06,8.76,0.05,0.01,-0.21,1721378811593,asphalt
-0.82,0.57,9.45,0.09,0.02,-0.06,1721378811603,asphalt
0.05,2.23,10.73,0.07,0.08,-0.08,1721378811613,asphalt
0.02,0.44,9.92,0.09,-0.01,-0.18,1721378811623,asphalt
-0.42,0.68,11.32,-0.0,0.08,-0.29,1721378811633,asphalt
-1.05,0.23,10.53,0.03,-0.04,-0.17,1721378811643,asphalt
-0.04,0.2,8.73,-0.01,0.07,-0.03,1721378811653,asphalt
2.17,-1.62,10.66,-0.07,0.09,-0.11,1721378811663,asphalt
1.74,-0.47,11.39,-0.01,-0.02,-0.27,1721378811673,asphalt
0.42,0.6,11.3,-0.07,0.04,-0.4,1721378811683,asphalt
-1.55,0.69,11.86,0.01,-0.01,-0.3,1721378811693,asphalt
-1.09,3.79,8.93,0.07,0.05,-0.16,1721378811703,asphalt
0.28,-1.21,7.2,-0.02,0.06,-0.19,1721378811713,asphalt
0.17,2.46,8.24,0.06,0.04,-0.22,1721378811723,asphalt
1.1,0.93,8.14,-0.07,0.08,-0.29,1721378811733,asphalt
-1.67,0.45,9.27,-0.07,-0.05,-0.3,1721378811743,asphalt
-0.35,-0.8,11.53,-0.15,0.14,-0.26,1721378811753,asphalt
-0.8,-2.71,10.97,-0.11,0.02,-0.22,1721378811763,asphalt
-0.3,-2.77,9.8,-0.15,0.1,-0.25,1721378811773,asphalt
-0.76,-0.19,12.91,-0.01,0.05,-0.21,1721378811783,asphalt
-0.47,0.22,10.35,-0.05,0.06,-0.21,1721378811793,asphalt
-1.18,2.05,11.31,0.08,0.06,-0.31,1721378811803,asphalt
-0.17,1.95,10.73,0.04,0.05,-0.24,1721378811813,asphalt
0.4,-1.41,7.33,0.04,0.08,-0.1,1721378811823,asphalt
0.82,3.63,13.27,0.01,0.24,-0.22,1721378811833,asphalt
-0.05,2.24,9.65,0.08,-0.04,-0.25,1721378811843,asphalt
-0.43,-2.36,8.73,-0.11,0.22,-0.24,1721378811853,asphalt
-1.13,0.48,11.34,0.1,0.03,-0.12,1721378811863,asphalt
-0.19,-3.36,6.86,0.03,0.11,-0.1,1721378811873,asphalt
0.62,3.01,13.24,0.11,0.1,-0.15,1721378811883,asphalt
0.11,-1.26,7.98,0.17,-0.06,-0.23,1721378811893,asphalt
-1.45,1.13,13.04,-0.02,0.21,-0.29,1721378811903,asphalt
-1.08,-1.28,13.14,-0.0,-0.03,-0.12,1721378811913,asphalt
-1.38,2.09,9.97,0.08,0.05,-0.06,1721378811923,asphalt
0.99,-1.45,7.24,0.1,0.1,-0.11,1721378811933,asphalt
-0.1,-2.6,6.99,0.13,0.04,-0.23,1721378811943,asphalt
-0.38,-0.48,8.9,0.15,0.15,-0.28,1721378811953,asphalt
-1.36,-2.03,9.32,0.03,0.06,-0.25,1721378811963,asphalt
-1.86,2.91,13.75,0.04,0.15,-0.18,1721378811973,asphalt
-0.92,2.06,9.88,-0.03,-0.02,-0.02,1721378811983,asphalt
-0.17,-2.05,11.97,-0.11,0.1,-0.09,1721378811993,asphalt
0.32,-1.05,13.35,-0.02,0.03,-0.19,1721378812003,asphalt
-0.62,0.56,9.92,0.05,0.02,-0.31,1721378812013,asphalt
-2.15,3.22,11.26,0.14,0.03,-0.2,1721378812023,asphalt
-1.22,3.25,8.44,0.11,0.06,-0.04,1721378812033,asphalt
0.93,1.81,9.21,0.06,0.09,-0.0,1721378812043,asphalt
1.72,1.0,7.45,0.08,0.03,-0.1,1721378812053,asphalt
1.44,1.48,9.9,-0.04,0.1,-0.28,1721378812063,asphalt
-0.99,0.05,11.63,-0.03,-0.03,-0.36,1721378812073,asphalt
-2.81,2.06,12.67,0.04,0.08,-0.25,1721378812083,asphalt
-1.33,-0.6,10.48,-0.0,0.1,-0.06,1721378812093,asphalt
-1.0,3.2,9.92,0.05,0.13,0.0,1721378812103,asphalt
0.85,1.41,9.44,-0.1,0.13,-0.13,1721378812113,asphalt
-0.79,0.12,10.07,-0.03,-0.01,-0.18,1721378812123,asphalt
-0.79,-0.85,7.66,-0.07,0.17,-0.16,1721378812133,asphalt
-1.52,-2.59,8.39,-0.14,0.01,-0.06,1721378812143,asphalt
-1.28,2.21,14.06,-0.07,0.15,0.01,1721378812153,asphalt
0.16,3.01,10.77,-0.01,0.03,-0.06,1721378812163,asphalt
-0.49,3.26,9.22,-0.06,0.1,-0.16,1721378812173,asphalt
0.32,-4.52,8.53,-0.18,0.08,-0.13,1721378812183,asphalt
-1.53,-2.07,13.05,-0.09,0.09,-0.1,1721378812193,asphalt
0.55,1.38,10.17,-0.05,0.1,-0.05,1721378812203,asphalt
0.68,0.49,9.53,-0.1,0.06,-0.07,1721378812213,asphalt
0.92,0.89,10.22,-0.03,0.12,-0.19,1721378812223,asphalt
-0.08,-3.52,8.92,-0.14,0.06,-0.27,1721378812233,asphalt
-0.85,0.37,11.89,-0.04,0.17,-0.22,1721378812243,asphalt
0.03,-0.15,8.53,-0.03,0.14,-0.14,1721378812253,asphalt
-0.15,0.46,9.31,0.01,0.13,-0.12,1721378812263,asphalt
1.92,0.66,11.4,-0.03,0.3,-0.1,1721378812273,asphalt
-0.15,1.17,10.22,-0.0,0.09,-0.2,1721378812283,asphalt
-0.09,4.6,12.7,-0.13,0.28,-0.23,1721378812293,asphalt
-0.53,3.13,9.25,-0.14,0.07,-0.06,1721378812303,asphalt
1.32,-4.94,6.5,-0.26,0.23,-0.0,1721378812313,asphalt
2.2,-9.04,9.6,-0.23,0.17,-0.13,1721378812323,asphalt
0.73,-2.61,11.7,-0.08,0.19,-0.3,1721378812333,asphalt
-1.18,0.42,11.2,0.01,0.19,-0.29,1721378812343,asphalt
-1.96,2.12,13.97,0.13,0.22,-0.07,1721378812353,asphalt
0.17,6.63,10.98,0.19,0.29,0.07,1721378812363,asphalt
2.07,2.86,10.18,0.1,0.26,0.01,1721378812373,asphalt
2.77,0.73,9.3,0.03,0.32,-0.22,1721378812383,asphalt
0.89,3.86,10.48,0.11,0.24,-0.36,1721378812393,asphalt
-1.7,-0.31,7.36,0.1,0.28,-0.28,1721378812403,asphalt
-2.49,-1.13,8.05,0.11,0.28,-0.15,1721378812413,asphalt
-1.24,-2.34,9.43,0.06,0.29,0.05,1721378812423,asphalt
-0.46,-0.79,12.44,0.01,0.31,0.04,1721378812433,asphalt
-0.3,-0.9,14.94,0.04,0.21,0.02,1721378812443,asphalt
-0.49,8.36,19.54,0.16,0.4,-0.03,1721378812453,asphalt
0.08,-3.72,10.11,0.15,0.09,-0.03,1721378812463,asphalt
-1.48,3.11,11.71,0.29,0.34,0.03,1721378812473,asphalt
2.15,1.77,7.52,0.21,0.22,-0.03,1721378812483,asphalt
-1.7,6.7,7.3,0.26,0.19,-0.05,1721378812493,asphalt
-0.76,1.5,3.58,0.15,0.25,-0.02,1721378812503,asphalt
-1.63,-3.54,6.05,-0.04,0.17,0.13,1721378812513,asphalt
-0.2,-1.44,6.94,-0.09,0.23,0.18,1721378812523,asphalt
0.86,0.1,9.76,-0.16,0.19,0.09,1721378812533,asphalt
-0.23,0.97,13.03,-0.05,0.14,-0.04,1721378812543,asphalt
-2.15,1.43,13.43,0.01,0.05,-0.06,1721378812553,asphalt
-2.09,1.62,10.26,-0.03,0.08,0.23,1721378812563,asphalt
0.14,1.48,9.88,-0.17,0.18,0.36,1721378812573,asphalt
2.3,-0.84,7.43,-0.15,0.09,0.17,1721378812583,asphalt
1.44,0.02,8.9,-0.11,0.1,-0.11,1721378812593,asphalt
-1.55,-1.09,7.62,-0.01,0.0,-0.08,1721378812603,asphalt
-3.45,-0.33,8.52,-0.07,0.09,0.09,1721378812613,asphalt
-2.13,1.23,11.97,-0.13,0.02,0.33,1721378812623,asphalt
1.17,1.86,10.44,-0.15,0.07,0.43,1721378812633,asphalt
