AccX,AccY,AccZ,GyrX,GyrY,GyrZ,Time
-1.56,-2.15,8.13,-0.27,0.02,0.09,1721206899645
-2.47,-0.65,10.77,-0.2,-0.06,0.12,1721206899649
0.25,-1.69,8.13,-0.14,-0.03,0.18,1721206899658
0.16,-1.14,12.42,-0.22,-0.13,0.03,1721206899668
-0.5,3.01,15.37,-0.03,-0.16,-0.0,1721206899677
1.11,-1.83,0.99,0.14,-0.21,0.17,1721206899687
3.18,-3.26,3.33,-0.28,0.14,0.11,1721206899696
0.59,2.83,21.08,-0.24,-0.08,-0.07,1721206899706
-0.5,2.62,17.69,0.0,-0.18,-0.1,1721206899716
1.21,1.13,6.22,-0.1,0.01,0.02,1721206899726
1.26,2.06,10.68,-0.16,-0.03,-0.01,1721206899736
1.4,-1.48,10.19,-0.01,-0.07,-0.09,1721206899746
2.03,-3.64,6.74,0.02,-0.02,-0.18,1721206899756
1.25,1.54,7.42,0.12,0.01,-0.2,1721206899766
-0.76,4.98,12.61,0.09,0.0,-0.23,1721206899776
0.8,-2.14,14.37,-0.02,0.05,-0.12,1721206899786
0.88,0.87,11.18,0.11,0.02,-0.17,1721206899796
-0.17,-0.91,6.05,0.05,0.03,-0.3,1721206899806
-1.61,-1.0,10.84,0.06,0.03,-0.23,1721206899816
-0.66,0.14,11.46,0.16,0.08,-0.05,1721206899826
0.8,-0.62,10.94,0.14,0.09,-0.03,1721206899836
1.83,1.11,11.46,0.1,0.12,-0.19,1721206899846
-0.14,4.88,11.18,0.14,0.02,-0.27,1721206899856
-0.77,-0.94,7.25,0.03,0.12,-0.24,1721206899866
-1.21,-5.49,11.41,-0.03,0.11,-0.12,1721206899876
-0.79,-1.14,14.94,0.15,0.1,0.01,1721206899886
1.42,5.42,8.07,0.29,0.15,-0.02,1721206899896
1.81,1.08,7.56,0.09,0.11,-0.16,1721206899906
1.61,-4.17,13.33,0.11,0.1,-0.18,1721206899916
0.29,0.59,11.06,0.35,0.12,-0.19,1721206899926
-0.55,3.99,5.74,0.23,0.13,-0.23,1721206899936
-2.0,0.1,12.18,-0.03,0.12,-0.14,1721206899946
-1.96,0.55,15.07,0.14,0.16,-0.09,1721206899956
1.05,-3.53,6.55,0.13,0.14,0.15,1721206899966
2.77,7.04,9.57,0.19,0.25,-0.01,1721206899976
2.32,4.03,6.1,0.07,0.1,-0.36,1721206899986
-1.26,-1.53,11.03,-0.11,0.11,-0.35,1721206899996
-2.19,0.01,12.01,0.03,0.19,-0.2,1721206900006
-0.61,1.6,4.09,0.02,0.09,-0.0,1721206900016
0.91,-1.28,8.03,-0.23,0.28,-0.06,1721206900026
0.34,-1.38,18.24,-0.18,0.17,-0.37,1721206900036
-1.7,2.04,8.79,0.19,-0.02,-0.29,1721206900046
-1.25,1.28,5.87,-0.2,0.27,-0.19,1721206900056
-0.63,0.38,14.49,-0.15,0.09,-0.0,1721206900066
0.3,-0.73,8.39,-0.08,0.14,-0.16,1721206900076
-0.29,0.85,11.35,-0.13,0.16,-0.29,1721206900086
-1.8,3.82,8.29,0.13,0.06,-0.28,1721206900096
-1.8,0.99,5.82,-0.14,0.19,-0.12,1721206900106
-2.23,-4.32,10.87,-0.24,0.07,0.0,1721206900116
-0.78,-2.62,12.99,-0.21,0.17,0.01,1721206900126
1.21,2.1,13.71,-0.11,0.12,-0.04,1721206900136
-0.2,0.04,2.49,-0.06,-0.06,-0.13,1721206900146
-1.27,-2.93,12.73,-0.33,0.24,-0.25,1721206900156
-1.3,-1.74,18.49,-0.11,0.02,-0.05,1721206900166
-1.42,2.52,6.85,0.16,0.01,0.1,1721206900176
1.07,0.42,8.53,-0.16,0.23,0.05,1721206900186
0.49,7.02,19.46,0.08,0.06,-0.07,1721206900196
0.31,6.25,7.13,0.45,0.0,-0.13,1721206900206
-0.29,-10.67,-1.59,-0.09,0.1,-0.15,1721206900216
-1.0,0.8,17.06,0.04,0.16,-0.01,1721206900226
0.08,4.23,15.47,0.22,0.07,-0.01,1721206900236
-0.87,-1.28,4.18,0.13,-0.02,-0.14,1721206900246
-1.64,0.5,4.72,0.29,0.05,0.01,1721206900256
0.1,-3.94,8.45,0.02,0.18,0.16,1721206900266
1.29,-0.97,17.29,0.09,0.06,0.02,1721206900276
1.22,3.66,15.67,0.17,0.05,-0.26,1721206900286
-2.53,2.54,8.95,0.09,-0.06,-0.27,1721206900296
-4.22,-6.72,8.99,-0.07,0.02,0.06,1721206900306
-2.28,-2.98,14.49,0.13,0.11,0.15,1721206900316
1.39,4.55,6.62,0.36,0.05,0.1,1721206900326
1.11,1.26,5.34,0.13,-0.02,-0.08,1721206900336
-1.21,-0.07,8.84,0.2,-0.03,-0.17,1721206900346
0.19,6.15,8.67,0.21,0.17,-0.02,1721206900356
0.22,-2.37,6.46,-0.17,-0.01,-0.01,1721206900366
-0.45,-7.2,14.74,-0.24,0.06,-0.12,1721206900376
-1.57,3.13,12.58,0.24,-0.05,-0.16,1721206900386
-1.92,1.85,3.73,-0.12,-0.0,-0.07,1721206900396
-1.44,-4.12,15.7,-0.18,0.05,0.05,1721206900406
-0.53,-4.17,10.34,0.12,-0.08,0.09,1721206900416
0.75,4.33,9.21,0.01,0.08,-0.0,1721206900426
1.43,5.3,13.92,-0.02,0.03,-0.1,1721206900436
-0.73,-0.61,7.02,-0.0,-0.11,-0.11,1721206900446
-1.2,-4.56,6.1,-0.16,0.06,-0.01,1721206900456
0.05,-0.98,14.38,-0.13,0.08,0.05,1721206900466
0.02,6.28,12.94,0.13,-0.06,0.04,1721206900476
0.5,4.99,4.4,0.14,-0.03,0.05,1721206900486
1.09,-1.12,5.69,-0.12,0.05,0.05,1721206900496
0.31,-0.52,14.23,-0.13,0.03,-0.1,1721206900506
-1.97,5.1,13.17,-0.08,-0.09,-0.12,1721206900516
-2.84,-2.87,11.35,-0.36,-0.04,0.09,1721206900526
-2.4,-3.87,14.67,-0.18,-0.11,0.32,1721206900536
0.78,3.55,11.74,0.02,0.04,0.35,1721206900546
3.28,3.64,4.8,-0.07,-0.1,0.24,1721206900556
1.68,-1.82,14.57,-0.35,-0.01,-0.1,1721206900566
-0.94,-3.0,13.71,-0.07,-0.22,-0.21,1721206900576
-3.75,3.39,0.64,0.16,-0.18,0.07,1721206900586
-2.72,-4.14,6.21,-0.24,0.04,0.32,1721206900596
-0.3,-3.79,18.6,-0.04,-0.06,0.33,1721206900606
1.51,5.55,12.37,0.25,-0.13,0.27,1721206900616
2.75,4.26,4.95,0.02,-0.08,0.11,1721206900626
-0.52,1.57,4.72,0.02,-0.23,-0.08,1721206900636
-0.3,-3.46,6.98,-0.11,-0.03,-0.07,1721206900646
-0.81,-4.54,13.73,-0.15,-0.17,0.12,1721206900656
-1.76,-1.23,14.99,-0.05,-0.15,0.21,1721206900666
1.08,1.61,10.51,0.0,-0.14,0.26,1721206900676
3.67,2.72,8.98,-0.03,-0.11,0.25,1721206900686
3.64,-3.05,13.52,-0.16,-0.04,0.05,1721206900696
1.33,-2.31,12.55,0.09,-0.12,-0.23,1721206900706
-0.73,5.37,4.09,0.3,-0.17,-0.2,1721206900716
0.42,0.68,8.39,-0.13,0.05,0.03,1721206900726
0.02,-4.83,18.05,-0.12,-0.04,0.05,1721206900736
1.71,7.29,9.31,0.27,-0.06,0.06,1721206900746
3.12,3.88,1.32,0.11,0.03,-0.02,1721206900756
2.72,-9.24,8.72,-0.17,0.01,-0.27,1721206900766
-1.23,5.2,17.63,0.24,-0.09,-0.4,1721206900776
-2.19,1.22,7.92,0.14,-0.09,-0.22,1721206900786
-1.27,-6.1,9.93,-0.21,0.06,0.04,1721206900796
-1.2,4.93,17.53,0.16,0.07,-0.01,1721206900806
1.4,2.87,5.62,0.16,-0.06,0.07,1721206900816
1.72,-6.42,7.09,-0.15,0.11,-0.0,1721206900826
1.77,-2.71,15.48,0.07,0.06,-0.2,1721206900836
1.29,7.78,3.78,0.35,-0.11,-0.09,1721206900846
2.86,-3.23,5.58,-0.13,0.24,-0.08,1721206900856
2.18,-3.08,20.37,0.12,0.07,-0.28,1721206900866
0.3,11.0,4.7,0.64,0.02,-0.26,1721206900876
0.77,-2.51,-0.12,-0.18,0.25,-0.29,1721206900886
-1.74,-7.11,27.14,-0.3,0.13,-0.44,1721206900896
-3.13,5.1,15.51,0.55,-0.07,-0.28,1721206900906
-1.18,-2.43,-5.38,0.01,0.18,0.08,1721206900916
0.12,-2.58,18.63,-0.24,0.31,-0.11,1721206900926
1.0,6.08,16.43,0.39,-0.01,-0.36,1721206900936
-0.26,4.89,-1.04,0.04,0.07,-0.23,1721206900946
-0.97,-4.56,14.1,-0.43,0.31,-0.24,1721206900956
-1.66,0.2,16.0,0.13,-0.03,-0.23,1721206900966
-0.23,2.42,-0.72,-0.05,0.18,-0.07,1721206900976
0.09,-2.94,15.8,-0.35,0.22,-0.21,1721206900986
-0.32,1.4,17.2,0.19,0.0,-0.38,1721206900996
-1.23,5.9,1.87,0.12,0.11,-0.22,1721206901006
-1.23,4.29,11.87,-0.32,0.25,-0.15,1721206901016
-1.41,0.06,17.31,-0.2,0.07,-0.25,1721206901026
-0.33,0.67,3.78,0.02,0.07,-0.13,1721206901036
1.79,-4.36,3.03,-0.33,0.28,-0.12,1721206901046
-0.35,-1.17,16.25,-0.15,0.12,-0.39,1721206901056
-1.7,1.77,13.04,0.09,0.08,-0.37,1721206901066
-2.15,1.97,6.58,0.02,0.14,-0.15,1721206901076
-0.12,2.2,9.96,-0.03,0.26,0.0,1721206901086
2.21,-1.0,9.09,-0.07,0.19,-0.07,1721206901096
2.62,-1.92,6.18,-0.02,0.18,-0.28,1721206901106
0.61,-4.01,9.32,-0.24,0.23,-0.5,1721206901116
-3.12,0.03,19.57,-0.14,0.12,-0.47,1721206901126
-4.13,3.6,13.47,0.04,0.15,-0.23,1721206901136
-2.26,-1.32,5.3,-0.12,0.24,0.05,1721206901146
-0.44,2.6,14.87,0.0,0.32,0.03,1721206901156
1.15,6.56,7.18,0.32,0.16,-0.1,1721206901166
0.55,-2.51,1.75,-0.01,0.17,-0.2,1721206901176
-1.02,-7.6,18.05,-0.23,0.23,-0.22,1721206901186
-2.38,5.18,18.32,0.23,0.13,-0.09,1721206901196
-1.8,2.66,4.67,0.1,0.12,0.01,1721206901206
-0.22,0.78,14.02,0.1,0.2,0.0,1721206901216
0.24,4.2,7.59,0.48,0.13,-0.0,1721206901226
-1.16,-4.15,0.95,0.19,0.13,-0.12,1721206901236
-1.64,-4.13,11.15,0.0,0.13,-0.06,1721206901246
-0.33,0.93,20.4,0.08,0.24,-0.05,1721206901256
-2.55,-0.71,8.67,0.17,-0.08,-0.11,1721206901266
-4.35,-0.25,8.0,0.06,0.16,-0.03,1721206901276
-1.67,-1.67,12.97,0.08,0.16,0.22,1721206901286
0.08,-1.51,7.46,0.14,0.04,0.29,1721206901296
1.09,1.16,11.41,0.05,0.17,0.1,1721206901306
-0.41,1.92,6.96,0.22,-0.13,-0.09,1721206901316
-1.58,-3.59,6.79,-0.04,0.04,0.03,1721206901326
-1.39,-2.81,16.44,-0.05,0.09,0.16,1721206901336
-1.52,0.46,11.88,0.15,-0.09,0.18,1721206901346
-0.58,0.84,9.66,0.09,0.0,0.11,1721206901356
-0.85,3.97,7.76,0.24,-0.09,0.19,1721206901366
-0.77,5.68,8.98,0.03,-0.03,0.19,1721206901376
-0.54,-4.02,8.11,-0.11,-0.1,0.25,1721206901386
0.29,-3.91,12.31,-0.11,-0.02,0.26,1721206901396
0.47,4.03,9.28,0.12,-0.11,0.25,1721206901406
1.19,0.37,7.82,-0.16,-0.06,0.26,1721206901416
0.83,1.8,18.86,0.03,-0.05,0.2,1721206901426
0.81,5.79,6.31,0.3,-0.21,0.14,1721206901436
0.38,0.64,4.54,-0.26,-0.08,0.12,1721206901446
-2.09,0.43,18.15,-0.23,-0.21,0.18,1721206901456
-1.88,2.03,7.16,0.14,-0.23,0.31,1721206901466
0.87,-7.09,1.76,-0.27,-0.13,0.37,1721206901476
1.5,-3.31,17.65,-0.22,-0.07,0.35,1721206901486
1.42,5.49,14.78,0.11,-0.25,0.15,1721206901496
-0.11,4.98,5.42,-0.06,-0.26,0.02,1721206901506
-0.93,1.23,5.75,-0.13,-0.23,0.18,1721206901516
-0.16,-5.62,4.29,-0.27,-0.18,0.22,1721206901526
-0.97,-7.59,12.96,-0.38,-0.25,0.17,1721206901536
-1.78,0.61,15.7,-0.1,-0.31,0.13,1721206901546
-1.26,4.93,10.19,-0.06,-0.38,0.3,1721206901556
1.8,0.88,10.07,-0.28,-0.16,0.43,1721206901566
2.22,-3.63,9.51,-0.24,-0.35,0.27,1721206901576
1.4,-0.25,7.13,-0.15,-0.26,-0.07,1721206901586
-0.18,-2.07,11.86,-0.29,-0.27,-0.07,1721206901596
-1.8,-1.96,15.05,-0.17,-0.35,0.14,1721206901606
-0.57,1.91,11.3,0.02,-0.25,0.37,1721206901616
2.83,-1.34,9.55,-0.23,-0.17,0.25,1721206901626
2.71,3.6,17.84,-0.12,-0.24,0.07,1721206901636
2.19,3.3,3.14,0.23,-0.28,-0.14,1721206901651
3.49,-0.99,1.75,0.13,-0.19,-0.12,1721206901655
1.07,-2.3,8.46,0.03,-0.21,-0.29,1721206901665
-1.04,2.36,12.7,0.23,-0.29,-0.31,1721206901675
-0.61,-1.75,11.38,0.08,-0.22,-0.14,1721206901685
-1.58,0.97,11.2,0.17,-0.25,-0.0,1721206901695
1.39,1.0,6.62,0.23,-0.06,-0.12,1721206901705
2.58,-0.13,10.89,0.18,-0.17,-0.25,1721206901715
1.32,3.93,11.11,0.35,-0.15,-0.37,1721206901725
0.91,-3.42,8.37,0.12,-0.04,-0.33,1721206901735
-0.43,1.12,14.8,0.11,-0.09,-0.25,1721206901745
1.35,-0.09,10.07,0.17,-0.04,-0.22,1721206901755
2.23,-3.66,11.14,0.03,-0.0,-0.24,1721206901765
1.46,2.81,13.1,0.32,-0.05,-0.37,1721206901775
1.95,2.28,4.81,0.23,0.06,-0.43,1721206901785
0.33,1.19,8.23,0.07,0.0,-0.5,1721206901795
-0.53,-2.81,10.65,0.14,0.04,-0.52,1721206901805
-0.83,-0.28,6.18,0.22,0.07,-0.39,1721206901815
-1.75,2.23,9.9,0.0,0.06,-0.26,1721206901825
0.0,-1.11,16.38,0.07,0.14,-0.23,1721206901835
2.21,-4.07,9.45,0.12,0.09,-0.19,1721206901845
2.61,5.72,12.63,0.05,0.2,-0.35,1721206901855
2.43,5.26,6.49,0.13,0.09,-0.5,1721206901865
0.32,-3.83,0.8,-0.14,0.18,-0.6,1721206901875
-1.71,-5.53,10.75,-0.22,0.24,-0.53,1721206901885
-3.4,-2.06,11.23,-0.08,0.13,-0.4,1721206901895
-3.0,3.4,13.25,-0.06,0.17,-0.18,1721206901905
-0.45,4.29,12.75,-0.03,0.23,-0.18,1721206901915
0.83,0.03,8.08,-0.14,0.19,-0.29,1721206901925
-0.31,1.88,10.34,-0.18,0.2,-0.41,1721206901935
-0.89,0.62,7.75,-0.27,0.21,-0.42,1721206901945
-1.94,-2.43,14.12,-0.36,0.19,-0.42,1721206901955
-1.62,-0.38,14.26,-0.12,0.19,-0.28,1721206901965
-1.34,2.25,5.4,-0.04,0.15,-0.22,1721206901975
-0.85,-0.37,5.09,-0.18,0.17,-0.24,1721206901985
-0.32,-2.38,17.63,-0.3,0.29,-0.29,1721206901995
-0.58,2.25,18.49,-0.05,0.16,-0.3,1721206902005
-1.91,2.52,1.47,0.12,0.08,-0.27,1721206902015
0.85,-6.06,7.8,-0.3,0.38,-0.2,1721206902025
0.96,3.02,21.44,0.05,0.25,-0.23,1721206902035
-0.07,6.98,7.29,0.38,0.14,-0.35,1721206902045
-0.9,-2.71,1.56,-0.02,0.21,-0.39,1721206902055
-1.88,-5.0,10.79,0.0,0.24,-0.17,1721206902065
-0.96,0.34,13.12,0.09,0.26,-0.11,1721206902075
0.09,2.25,14.77,0.01,0.25,-0.23,1721206902085
-2.38,-0.15,6.89,0.18,0.05,-0.24,1721206902095
-3.39,-2.53,6.76,0.05,0.33,-0.08,1721206902105
-1.62,1.91,17.93,0.11,0.28,0.06,1721206902115
0.79,3.01,10.72,0.28,0.14,0.11,1721206902125
0.03,-0.92,4.96,0.12,0.13,-0.01,1721206902135
0.25,-2.38,10.07,0.07,0.17,-0.02,1721206902145
1.36,0.63,12.32,0.24,0.19,-0.05,1721206902155
-0.66,-1.22,6.8,0.11,0.13,-0.21,1721206902165
-3.18,-1.17,10.63,0.03,0.18,-0.17,1721206902175
-2.56,-1.97,13.05,0.03,0.19,0.01,1721206902185
-1.19,3.62,12.14,0.23,0.12,0.16,1721206902195
0.14,5.01,3.28,0.24,0.18,0.02,1721206902205
0.32,-8.35,3.91,-0.12,0.09,-0.09,1721206902215
-0.85,-1.55,19.47,0.1,0.14,-0.11,1721206902225
-0.52,9.39,10.14,0.44,0.09,-0.11,1721206902235
-2.09,-0.57,-0.66,-0.11,-0.01,-0.13,1721206902245
-3.35,-4.18,17.14,-0.18,0.09,0.02,1721206902255
-0.89,-0.42,10.51,0.25,0.03,0.12,1721206902265
-0.15,0.52,-2.42,-0.01,-0.02,0.07,1721206902275
-0.95,-3.62,16.13,-0.29,0.07,-0.06,1721206902285
-1.01,3.09,20.16,0.25,-0.03,0.04,1721206902295
-0.62,1.88,-2.37,0.1,-0.08,0.14,1721206902305
1.53,1.41,13.65,-0.16,0.2,0.12,1721206902315
2.27,2.73,16.31,0.05,-0.11,0.01,1721206902325
1.05,-1.03,9.01,-0.09,0.03,-0.15,1721206902335
-0.41,5.13,12.06,0.11,0.06,-0.17,1721206902345
-1.8,0.38,2.12,-0.01,-0.06,-0.02,1721206902355
-2.79,-2.07,13.24,-0.12,0.06,0.07,1721206902365
-1.15,2.76,13.95,0.26,-0.03,0.23,1721206902375
0.62,1.87,0.82,0.06,-0.03,0.21,1721206902385
2.48,1.5,11.91,-0.09,0.11,0.06,1721206902395
1.05,0.84,11.22,-0.04,-0.09,-0.13,1721206902405
-2.17,-2.91,12.05,-0.26,-0.06,-0.21,1721206902415
-4.31,0.85,17.94,0.0,-0.07,0.01,1721206902425
-2.78,-1.33,10.21,-0.1,0.01,0.28,1721206902435
0.34,2.72,9.73,-0.03,-0.05,0.38,1721206902445
3.4,1.59,4.7,-0.03,0.01,0.1,1721206902455
1.85,-1.87,4.69,-0.08,-0.1,-0.15,1721206902465
-1.43,-2.95,11.3,-0.05,-0.05,-0.13,1721206902475
-2.1,0.23,12.84,-0.1,-0.02,-0.02,1721206902485
-1.17,-0.96,16.87,-0.24,-0.05,0.21,1721206902495
-0.53,5.82,9.0,0.09,-0.12,0.22,1721206902505
1.99,-2.77,1.58,-0.13,-0.02,0.13,1721206902515
2.29,-3.64,17.31,-0.24,0.03,0.01,1721206902525
0.19,1.59,10.63,0.2,-0.14,-0.17,1721206902535
-1.06,-2.38,2.34,-0.11,-0.04,-0.19,1721206902545
-2.52,3.67,14.95,-0.01,-0.14,0.25,1721206902555
1.83,5.53,10.35,0.2,0.15,0.37,1721206902565
4.92,-4.01,5.26,-0.03,-0.06,0.07,1721206902575
3.86,-4.09,9.3,-0.12,-0.02,-0.22,1721206902585
-0.62,3.87,15.59,-0.1,-0.06,-0.47,1721206902595
-1.63,-1.95,12.5,-0.07,-0.12,-0.14,1721206902605
-1.1,-0.31,7.21,0.11,0.09,0.19,1721206902615
2.01,-3.25,4.34,0.02,0.15,0.06,1721206902625
1.78,0.04,15.23,-0.01,0.04,-0.21,1721206902635
0.29,3.11,16.97,0.02,0.06,-0.35,1721206902645
-1.36,0.16,10.59,-0.0,-0.03,-0.15,1721206902655
-0.23,5.91,13.29,0.15,0.26,0.01,1721206902665
2.02,-6.79,1.82,0.01,-0.03,0.03,1721206902675
-0.39,-0.17,18.55,-0.16,0.26,-0.23,1721206902685
-0.36,0.5,12.32,0.22,-0.01,-0.27,1721206902695
-0.84,-4.45,1.45,0.01,0.09,-0.16,1721206902705
0.6,3.55,12.12,0.14,0.23,0.06,1721206902715
2.24,2.61,11.93,0.22,0.14,-0.05,1721206902725
1.35,0.35,11.99,0.14,0.17,-0.26,1721206902735
0.45,0.65,8.14,0.16,0.15,-0.38,1721206902745
-1.51,-1.92,9.75,-0.05,0.16,-0.33,1721206902755
-3.8,0.76,17.58,0.05,0.17,-0.25,1721206902765
-2.74,2.26,8.25,0.26,0.1,0.03,1721206902775
0.81,0.78,6.57,0.15,0.27,0.16,1721206902785
2.8,-1.59,5.39,0.07,0.17,-0.07,1721206902795
1.94,2.45,10.0,-0.01,0.23,-0.37,1721206902805
-1.5,1.74,12.05,0.01,0.1,-0.4,1721206902815
-3.98,0.52,7.73,0.12,0.09,-0.09,1721206902825
-1.01,-2.53,11.39,-0.12,0.33,0.08,1721206902835
1.01,2.82,18.34,0.0,0.11,0.04,1721206902845
2.45,4.04,10.93,-0.04,0.15,-0.12,1721206902855
1.25,1.65,8.41,-0.05,0.12,-0.29,1721206902865
-1.65,3.23,1.13,0.14,0.04,-0.32,1721206902875
-3.34,-9.0,5.12,-0.31,0.23,-0.17,1721206902885
-3.77,-3.23,20.96,-0.08,0.15,0.01,1721206902895
-1.99,6.18,8.62,0.23,0.05,0.19,1721206902905
1.01,3.41,7.0,-0.27,0.23,0.18,1721206902915
2.72,-2.04,16.54,-0.18,0.09,0.07,1721206902925
1.96,-1.26,5.41,0.07,-0.05,0.02,1721206902935
1.41,0.43,6.46,-0.14,0.21,-0.18,1721206902945
-1.08,2.24,13.19,0.02,-0.01,-0.2,1721206902955
-3.33,-2.47,7.21,-0.07,0.01,0.01,1721206902965
-3.01,-3.48,14.22,-0.11,0.19,0.16,1721206902975
-0.1,5.17,9.6,0.12,0.05,0.38,1721206902985
3.16,0.85,5.79,-0.2,0.11,0.22,1721206902995
3.63,-5.63,13.78,-0.2,0.06,-0.1,1721206903005
-0.46,1.94,10.66,0.12,-0.05,-0.26,1721206903015
-3.15,0.55,10.68,-0.13,0.05,-0.16,1721206903025
-3.0,-0.26,14.82,-0.01,-0.02,0.31,1721206903035
0.23,4.49,9.62,0.1,0.14,0.25,1721206903045
1.42,2.38,6.06,0.03,-0.1,0.05,1721206903055
4.3,-11.13,9.73,-0.19,0.15,0.09,1721206903065
1.34,5.3,16.31,0.2,0.06,-0.28,1721206903075
-3.17,8.77,6.32,0.13,-0.18,-0.45,1721206903085
-5.33,-5.99,8.31,-0.12,0.04,-0.07,1721206903095
-3.82,-3.99,12.94,0.17,0.09,0.35,1721206903105
1.29,6.22,6.17,0.21,0.06,0.38,1721206903115
3.01,-4.25,12.24,-0.17,-0.01,0.04,1721206903125
1.06,0.91,16.91,0.14,-0.06,-0.28,1721206903135
-2.19,3.96,0.88,0.27,-0.2,-0.15,1721206903145
-2.25,-1.56,11.68,-0.17,0.11,0.08,1721206903155
-0.49,3.5,18.2,0.22,-0.08,0.15,1721206903165
1.02,4.81,0.92,0.24,-0.12,0.08,1721206903175
1.6,-5.14,8.9,-0.15,0.04,-0.1,1721206903185
-0.47,-0.02,13.64,0.13,-0.12,-0.09,1721206903195
-2.1,11.73,8.53,0.28,-0.05,-0.02,1721206903205
-0.34,-2.77,9.31,-0.14,-0.06,0.06,1721206903215
0.52,-9.45,17.07,-0.1,-0.04,0.13,1721206903225
0.99,9.13,3.95,0.49,-0.1,0.05,1721206903235
2.29,-3.79,0.51,-0.3,0.02,-0.04,1721206903245
1.03,-1.89,29.23,-0.12,0.12,-0.22,1721206903255
-0.68,11.75,6.13,0.72,-0.27,-0.15,1721206903265
-0.6,-0.13,-7.81,-0.15,0.04,-0.05,1721206903275
-1.18,-9.39,23.45,-0.58,0.09,-0.09,1721206903285
-1.06,8.18,17.58,0.44,-0.17,-0.06,1721206903295
-2.33,-0.08,-12.73,0.01,-0.19,-0.03,1721206903305
-1.98,-6.37,16.54,-0.45,0.22,0.09,1721206903315
1.9,7.19,20.61,0.36,-0.07,0.18,1721206903325
1.84,1.59,1.44,-0.24,-0.07,-0.15,1721206903335
-1.62,-3.12,22.46,-0.58,-0.02,-0.35,1721206903345
-3.64,7.7,15.56,0.07,-0.17,-0.27,1721206903355
-3.96,1.7,-7.4,-0.1,-0.21,0.19,1721206903365
-0.28,-16.83,18.17,-0.82,0.34,0.31,1721206903375
1.36,3.96,24.84,0.04,-0.18,0.09,1721206903385
1.36,11.87,-4.06,0.24,-0.17,-0.06,1721206903395
3.13,-6.0,5.72,-0.39,0.17,-0.04,1721206903405
0.07,0.75,19.32,0.08,-0.1,-0.08,1721206903415
-0.49,3.41,1.9,0.27,-0.05,-0.19,1721206903425
-0.6,-5.3,8.7,-0.26,0.17,-0.26,1721206903435
-3.52,-2.77,20.94,-0.16,-0.14,-0.22,1721206903445
-1.59,8.92,13.93,0.14,-0.05,0.12,1721206903455
1.87,7.67,4.63,0.3,0.18,0.33,1721206903465
3.29,-13.65,0.1,0.07,0.05,0.1,1721206903475
2.47,0.4,15.45,0.03,0.3,-0.45,1721206903485
0.34,15.32,20.02,0.15,-0.15,-0.42,1721206903495
-3.0,-17.48,1.3,-0.15,-0.18,-0.22,1721206903505
-1.68,-4.43,11.84,0.01,0.36,0.08,1721206903515
2.83,2.25,15.26,0.2,0.16,0.28,1721206903525
1.71,1.75,12.64,0.19,0.05,0.1,1721206903535
3.73,6.04,8.88,0.48,0.15,-0.12,1721206903545
2.87,1.2,2.62,0.21,0.17,-0.19,1721206903555
-1.19,-6.04,15.51,-0.24,0.17,-0.4,1721206903565
-2.53,0.14,13.95,0.3,0.01,-0.31,1721206903575
-2.7,4.4,-2.32,0.3,0.05,0.04,1721206903585
-0.54,-4.83,13.05,-0.24,0.38,0.22,1721206903595
0.02,4.58,22.59,0.19,-0.0,0.11,1721206903605
2.45,8.03,-3.02,0.29,0.12,0.09,1721206903615
1.72,-10.77,7.21,-0.62,0.25,-0.01,1721206903625
-2.03,1.46,30.03,-0.02,0.05,-0.22,1721206903635
-2.45,4.31,-8.19,0.61,-0.2,0.13,1721206903645
-0.98,-13.96,33.05,-0.46,0.57,-0.16,1721206903660
-4.18,2.3,43.16,0.06,-0.22,0.05,1721206903664
-1.41,24.78,5.01,1.3,-0.06,-0.03,1721206903674
1.45,-8.21,-23.02,-0.07,0.1,0.2,1721206903684
-4.5,-8.54,22.11,-0.24,0.09,-0.08,1721206903694
1.29,3.01,18.53,0.78,0.14,-0.04,1721206903704
-0.11,-0.34,-8.39,-0.07,0.07,0.15,1721206903714
-3.11,-2.58,21.59,-0.2,0.03,0.17,1721206903724
2.04,6.29,15.64,0.46,0.05,0.25,1721206903734
3.21,3.36,-3.48,0.03,0.03,0.27,1721206903744
2.71,-5.71,10.45,-0.44,0.15,-0.18,1721206903754
0.4,0.57,20.06,0.08,-0.07,-0.38,1721206903764
-2.74,2.6,7.1,0.03,-0.04,-0.12,1721206903774
-4.38,0.24,11.73,-0.22,0.06,0.18,1721206903784
-1.13,-1.51,12.5,-0.13,-0.03,0.31,1721206903794
2.93,1.8,12.79,-0.13,0.03,0.37,1721206903804
3.56,-0.3,7.67,-0.05,-0.04,0.1,1721206903814
2.25,-1.1,7.55,-0.13,0.02,-0.26,1721206903824
-2.88,-1.36,2.92,0.09,-0.23,-0.15,1721206903834
-3.0,-8.6,10.96,-0.21,0.14,0.1,1721206903844
-0.34,4.73,21.08,0.1,-0.01,0.35,1721206903854
2.12,9.26,1.97,0.33,-0.09,0.28,1721206903864
5.43,-3.51,3.93,-0.36,0.1,0.05,1721206903874
3.94,-5.32,16.45,-0.31,-0.01,-0.16,1721206903884
1.42,4.86,11.43,-0.02,-0.05,-0.38,1721206903894
-2.05,-4.56,8.51,-0.49,-0.0,-0.4,1721206903904
-5.99,-2.04,18.21,-0.2,-0.11,-0.18,1721206903914
-3.66,3.11,2.06,0.14,-0.02,0.25,1721206903924
0.87,-3.89,8.96,-0.4,0.21,0.3,1721206903934
3.15,-0.38,22.67,-0.13,-0.01,0.01,1721206903944
2.14,6.96,8.88,0.2,-0.12,-0.17,1721206903954
-0.57,-3.23,5.37,-0.35,0.02,-0.28,1721206903964
-1.76,-6.96,22.29,-0.27,-0.03,-0.14,1721206903974
-1.24,9.68,5.25,0.43,-0.09,-0.01,1721206903984
-0.7,-2.18,-3.92,-0.01,0.03,-0.07,1721206903994
-1.13,-7.37,17.49,-0.1,0.05,-0.11,1721206904004
0.42,12.54,12.72,0.55,0.01,-0.1,1721206904014
0.07,-2.28,0.38,-0.31,0.01,-0.17,1721206904024
-0.73,-10.32,28.3,-0.58,0.11,-0.22,1721206904034
-2.1,12.59,13.63,0.54,-0.17,-0.1,1721206904044
-1.09,-8.72,-6.17,-0.46,0.01,-0.04,1721206904054
-1.22,-0.88,34.81,-0.22,0.15,-0.05,1721206904064
0.17,15.01,8.76,0.73,-0.15,-0.15,1721206904074
-0.23,-6.18,-7.03,-0.34,-0.01,-0.15,1721206904084
-1.81,1.14,28.08,-0.1,0.04,-0.14,1721206904094
-0.35,9.06,7.55,0.63,-0.1,-0.09,1721206904104
-0.2,-1.89,-1.77,-0.11,0.09,-0.2,1721206904114
-0.96,-4.51,24.34,-0.04,-0.01,-0.17,1721206904124
-0.55,6.82,9.29,0.6,-0.08,-0.09,1721206904134
-0.41,1.14,-1.34,0.02,0.04,-0.04,1721206904144
-0.05,-6.14,22.91,-0.16,0.07,-0.11,1721206904154
-0.13,12.21,14.07,0.73,-0.08,-0.16,1721206904164
-0.32,1.6,-11.25,0.1,-0.07,-0.08,1721206904174
-0.56,-17.0,18.34,-0.69,0.26,-0.12,1721206904184
-1.61,7.45,26.42,0.57,-0.14,-0.15,1721206904194
-0.85,5.5,-12.91,0.4,-0.14,-0.02,1721206904204
-0.62,-7.92,10.63,-0.4,0.35,0.1,1721206904214
2.0,-2.11,17.6,0.4,-0.07,0.02,1721206904224
3.48,1.47,2.6,0.12,0.13,-0.3,1721206904234
-1.32,4.07,15.95,-0.02,0.02,-0.56,1721206904244
-5.3,-1.2,10.0,0.05,-0.01,-0.36,1721206904254
-5.65,4.93,12.34,-0.06,0.12,0.01,1721206904264
-2.5,-2.49,3.43,-0.2,-0.01,0.22,1721206904274
0.85,-14.2,11.14,-0.69,0.23,-0.02,1721206904284
-1.89,16.12,22.98,0.1,-0.13,-0.14,1721206904294
-0.98,3.28,-2.19,-0.04,-0.12,-0.02,1721206904304
1.07,-18.93,9.45,-0.71,0.35,0.11,1721206904314
1.73,8.81,16.95,0.24,0.04,0.05,1721206904324
2.45,5.59,1.41,-0.18,0.02,-0.2,1721206904334
-0.65,-5.48,23.21,-0.44,0.11,-0.31,1721206904344
-1.94,15.52,12.37,0.46,-0.13,-0.24,1721206904354
-2.23,-0.63,-8.78,-0.02,0.02,0.03,1721206904364
-2.77,-11.99,17.07,-0.54,0.28,-0.11,1721206904374
-0.73,9.94,17.13,0.45,-0.09,-0.09,1721206904384
-1.15,-0.5,-10.3,0.26,-0.08,0.21,1721206904394
-0.52,-14.17,12.96,-0.61,0.39,0.16,1721206904404
1.39,12.91,25.57,0.3,-0.12,0.08,1721206904414
1.11,-0.18,-5.34,0.23,-0.22,0.08,1721206904424
1.73,-23.11,22.97,-1.2,0.42,-0.15,1721206904434
-0.85,17.89,31.58,0.43,-0.33,0.02,1721206904444
-1.65,1.95,-14.66,0.54,-0.11,0.21,1721206904454
4.42,-15.34,17.02,-1.11,0.78,-0.0,1721206904464
-3.42,18.17,34.06,0.33,-0.66,0.15,1721206904474
-1.92,-1.33,-12.54,0.7,0.02,0.18,1721206904484
8.37,-15.27,9.47,-1.15,0.58,0.12,1721206904494
-2.86,17.89,32.35,0.01,-0.63,0.16,1721206904504
-0.96,1.36,-5.27,0.67,0.07,0.06,1721206904514
6.87,-16.52,2.12,-0.79,0.2,0.12,1721206904524
-5.87,13.45,34.22,0.06,-0.37,0.2,1721206904534
-0.22,12.14,4.17,0.8,0.18,0.17,1721206904544
6.46,-11.6,-3.25,-0.16,0.06,0.31,1721206904554
-1.58,3.5,23.87,0.22,0.03,-0.1,1721206904564
2.11,7.63,0.1,0.84,-0.1,-0.14,1721206904574
0.54,-9.44,6.72,-0.47,0.33,-0.28,1721206904584
-4.2,8.61,34.37,0.34,-0.32,-0.17,1721206904594
-3.49,7.18,-14.85,1.01,-0.19,0.22,1721206904604
3.78,-6.92,-1.36,-0.51,0.69,0.3,1721206904614
1.68,5.33,38.82,0.01,-0.11,-0.07,1721206904624
-0.44,14.43,0.95,1.09,-0.28,-0.17,1721206904634
0.64,-8.36,-18.71,-0.53,0.19,-0.07,1721206904644
-3.07,-11.12,36.62,-0.68,0.19,-0.09,1721206904654
-0.71,5.45,16.55,0.89,-0.28,0.03,1721206904664
1.77,-3.93,-19.88,-0.16,0.07,0.11,1721206904674
-4.39,-4.47,25.46,-0.3,0.12,-0.11,1721206904684
0.48,2.74,17.66,0.63,-0.09,-0.17,1721206904694
0.76,0.27,-5.0,-0.14,0.02,-0.11,1721206904704
-0.85,-4.69,16.24,-0.52,-0.0,-0.04,1721206904714
0.34,0.26,16.99,0.1,0.02,-0.08,1721206904724
0.5,1.28,-0.55,-0.05,-0.04,-0.07,1721206904734
-0.14,-4.2,9.93,-0.43,0.08,-0.21,1721206904744
-2.13,-0.21,18.22,-0.17,-0.08,-0.21,1721206904754
-2.22,3.3,8.1,-0.05,0.02,-0.0,1721206904764
0.53,-0.07,3.23,-0.23,-0.0,0.27,1721206904774
3.54,-10.49,8.11,-0.48,0.12,0.22,1721206904784
3.06,-1.02,24.56,-0.24,0.09,-0.2,1721206904794
1.28,9.27,15.7,0.07,-0.12,-0.41,1721206904804
-3.03,0.82,4.05,-0.19,-0.09,-0.27,1721206904814
-3.06,5.53,14.54,0.02,0.06,0.02,1721206904824
1.94,2.32,7.89,0.27,0.08,0.18,1721206904834
2.52,-2.86,3.09,0.08,0.08,-0.07,1721206904844
0.73,1.12,10.19,0.11,0.04,-0.45,1721206904854
-2.0,-2.09,9.18,0.06,-0.06,-0.4,1721206904864
-5.46,1.34,12.3,0.11,0.05,-0.13,1721206904874
-3.81,0.68,11.68,0.17,0.03,0.13,1721206904884
1.08,0.15,11.91,0.09,0.09,0.29,1721206904894
2.61,0.49,10.07,0.15,0.05,0.05,1721206904904
2.41,0.03,9.87,0.02,-0.02,-0.3,1721206904914
0.4,-1.43,13.23,0.06,-0.02,-0.39,1721206904924
-3.93,-0.74,9.36,0.15,-0.05,-0.34,1721206904934
-4.95,2.14,7.96,0.18,-0.04,-0.05,1721206904944
-2.38,1.93,5.24,0.22,0.02,0.18,1721206904954
1.29,-3.93,7.86,-0.0,0.05,0.12,1721206904964
2.21,0.95,12.68,0.13,-0.03,-0.17,1721206904974
0.54,1.95,7.84,0.0,-0.08,-0.36,1721206904984
-3.32,-0.98,15.47,-0.13,-0.04,-0.31,1721206904994
-4.39,-0.27,11.28,0.11,-0.11,0.02,1721206905004
-1.64,-1.91,10.24,-0.08,0.04,0.25,1721206905014
1.31,2.08,13.5,0.18,-0.08,0.23,1721206905024
4.11,1.62,4.35,0.09,0.02,0.0,1721206905034
2.52,3.76,15.2,0.02,-0.0,-0.25,1721206905044
0.1,0.3,8.9,0.14,-0.11,-0.32,1721206905054
-1.69,-2.2,9.32,-0.1,0.04,-0.22,1721206905064
-3.12,3.9,16.32,0.03,-0.03,-0.03,1721206905074
-1.57,3.84,8.27,0.18,-0.07,0.03,1721206905084
-0.31,0.07,4.51,0.14,-0.03,0.06,1721206905094
0.65,-0.71,9.11,0.03,0.04,0.07,1721206905104
0.06,2.37,10.59,0.08,-0.09,-0.06,1721206905114
0.4,0.07,11.55,-0.01,-0.01,-0.17,1721206905124
-0.94,-3.18,5.61,0.04,-0.12,-0.08,1721206905134
-1.71,3.52,13.05,-0.03,0.12,-0.06,1721206905144
0.56,6.74,10.64,0.07,-0.09,-0.03,1721206905154
1.46,-10.36,11.49,-0.48,-0.02,0.06,1721206905164
-1.08,2.38,17.06,0.04,-0.08,-0.21,1721206905174
-1.67,3.63,-1.08,0.03,-0.12,-0.3,1721206905184
-3.03,-2.29,12.1,-0.32,0.09,0.01,1721206905194
-1.97,-2.82,10.63,0.19,-0.07,0.28,1721206905204
0.91,0.37,1.96,0.01,0.02,0.11,1721206905214
2.15,-2.36,17.49,-0.38,0.03,-0.2,1721206905224
-1.43,4.63,18.35,-0.03,-0.22,-0.17,1721206905234
-2.62,-0.13,1.01,-0.07,-0.13,-0.11,1721206905244
-0.96,-5.37,10.03,-0.29,0.12,0.03,1721206905254
0.5,1.85,12.6,0.05,-0.09,0.15,1721206905264
0.24,-0.13,8.35,-0.12,0.04,-0.05,1721206905274
0.57,5.35,14.25,0.0,-0.09,-0.04,1721206905284
0.45,1.38,3.3,0.06,-0.05,0.11,1721206905294
1.34,-5.61,6.46,-0.23,0.03,0.06,1721206905304
1.18,-2.07,19.15,-0.19,0.03,-0.1,1721206905314
-0.75,-0.47,19.02,-0.13,-0.13,-0.16,1721206905324
-0.85,5.67,7.89,0.16,-0.1,0.03,1721206905334
1.44,-0.4,2.66,0.01,0.12,0.1,1721206905344
0.63,-1.07,14.21,0.05,0.01,-0.07,1721206905354
0.72,3.64,8.0,0.4,-0.07,-0.05,1721206905364
0.85,-2.86,4.71,0.02,0.11,-0.21,1721206905374
-2.13,1.55,17.9,0.04,-0.15,-0.07,1721206905384
-0.43,1.77,10.64,0.08,0.03,0.13,1721206905394
1.58,0.53,13.65,-0.01,0.12,0.09,1721206905404
1.96,2.08,7.74,0.29,-0.07,0.0,1721206905414
2.27,-3.49,5.62,-0.01,0.11,-0.18,1721206905424
0.1,-1.0,18.05,0.02,0.0,-0.19,1721206905434
-1.06,3.38,5.17,0.24,-0.06,-0.01,1721206905444
1.07,-5.52,8.05,-0.09,0.19,0.11,1721206905454
2.3,1.27,18.13,0.22,0.09,-0.06,1721206905464
1.72,2.48,3.7,0.3,-0.07,-0.22,1721206905474
-0.38,2.08,11.91,0.09,0.2,-0.33,1721206905484
-1.68,-2.34,7.98,0.25,-0.06,-0.16,1721206905494
-2.57,0.95,7.44,0.1,0.11,-0.03,1721206905504
-0.58,6.54,13.75,0.24,0.13,0.02,1721206905514
1.82,-2.52,8.26,-0.07,0.05,0.0,1721206905524
2.04,-0.25,13.01,0.03,0.1,-0.18,1721206905534
1.67,2.48,4.69,0.05,0.08,-0.35,1721206905544
-0.62,0.77,10.26,-0.15,0.1,-0.39,1721206905554
-2.13,0.95,10.02,0.14,-0.0,-0.3,1721206905564
-1.36,-7.46,3.31,-0.11,0.13,-0.16,1721206905574
-1.69,-0.57,17.28,-0.04,0.12,-0.08,1721206905584
0.9,6.3,14.76,0.17,0.05,-0.16,1721206905594
0.59,5.12,7.37,-0.04,0.04,-0.24,1721206905604
-2.29,1.78,7.78,-0.06,0.01,-0.22,1721206905614
-0.43,-5.17,9.47,-0.25,0.19,-0.13,1721206905624
0.23,-0.3,12.59,-0.0,0.06,-0.1,1721206905634
0.09,-0.51,7.76,-0.16,0.09,-0.18,1721206905644
-2.4,1.76,12.51,-0.02,-0.05,-0.29,1721206905654
-1.89,-0.04,2.5,-0.2,0.09,0.05,1721206905669
0.23,-1.65,7.92,-0.41,0.18,0.09,1721206905673
1.84,-2.52,18.82,-0.29,0.05,0.13,1721206905683
2.84,-1.58,8.53,-0.16,0.06,-0.14,1721206905693
1.72,1.64,8.26,-0.17,0.11,-0.32,1721206905703
-0.01,-1.85,10.97,-0.08,0.02,-0.23,1721206905713
-0.96,0.24,17.03,-0.07,0.16,-0.14,1721206905723
-0.44,10.72,11.32,0.32,0.08,-0.11,1721206905733
0.11,1.42,-1.57,0.17,0.08,-0.07,1721206905743
0.52,-4.52,9.05,-0.11,0.22,-0.01,1721206905753
0.51,0.25,16.44,0.13,0.18,-0.21,1721206905763
-0.89,-0.24,7.26,0.0,-0.04,-0.35,1721206905773
-3.66,-1.49,10.75,-0.06,0.09,-0.23,1721206905783
-3.26,-3.48,11.86,0.01,0.12,0.04,1721206905793
-0.05,1.16,11.36,0.18,0.16,0.16,1721206905803
1.22,4.21,8.05,0.24,0.11,-0.06,1721206905813
-0.61,1.31,8.92,0.05,0.05,-0.31,1721206905823
-2.46,-2.51,14.29,-0.04,0.04,-0.17,1721206905833
-1.37,-3.6,20.14,-0.22,0.18,0.0,1721206905843
-1.74,5.34,9.07,0.23,-0.09,-0.01,1721206905853
-1.25,-0.76,-1.25,0.05,0.03,-0.07,1721206905863
-0.28,-5.9,17.21,-0.09,0.14,-0.06,1721206905873
0.04,3.0,11.0,0.45,-0.05,0.01,1721206905883
-0.91,2.12,-2.61,0.16,0.05,-0.15,1721206905893
-1.79,-1.79,17.16,-0.25,0.1,-0.22,1721206905903
-3.08,2.21,21.28,0.19,-0.11,-0.06,1721206905913
-2.43,0.45,0.5,0.21,-0.04,0.09,1721206905923
0.46,-0.5,11.9,-0.09,0.17,0.12,1721206905933
1.47,4.53,15.63,0.25,-0.13,0.1,1721206905943
2.36,3.39,1.53,0.26,0.01,-0.01,1721206905953
3.0,1.09,5.68,0.09,0.1,-0.11,1721206905963
0.21,1.17,7.45,0.07,-0.09,-0.16,1721206905973
-0.57,-4.42,12.14,-0.21,0.08,-0.22,1721206905983
-1.06,-2.56,19.74,-0.03,0.02,-0.21,1721206905993
-2.28,1.27,10.25,0.1,-0.04,-0.08,1721206906003
-1.89,2.14,9.53,-0.04,0.07,0.11,1721206906013
0.67,4.17,10.09,0.13,0.02,0.19,1721206906023
1.84,1.18,7.04,-0.04,0.04,0.05,1721206906033
0.88,-1.68,7.76,-0.07,0.02,-0.23,1721206906043
-0.85,-1.08,8.52,-0.12,-0.01,-0.23,1721206906053
-3.92,4.69,11.65,-0.1,-0.08,0.0,1721206906063
-2.91,0.23,10.06,-0.1,-0.0,0.22,1721206906073
1.32,-5.4,8.01,-0.19,0.05,0.23,1721206906083
2.44,0.81,8.59,-0.22,-0.01,-0.03,1721206906093
-0.04,0.54,13.29,-0.35,-0.05,-0.25,1721206906103
-2.34,-0.7,13.18,-0.11,-0.1,-0.1,1721206906113
-1.9,0.26,2.72,0.04,-0.06,0.18,1721206906123
0.28,-5.56,7.51,-0.4,0.09,0.19,1721206906133
-0.77,0.96,22.9,-0.3,-0.05,-0.06,1721206906143
0.1,8.91,11.98,0.09,-0.16,-0.05,1721206906153
-0.89,-3.87,-2.04,-0.12,-0.08,0.08,1721206906163
-0.09,-5.48,10.24,-0.06,0.14,0.1,1721206906173
1.37,5.93,11.02,0.21,-0.08,-0.01,1721206906183
-1.14,2.96,12.1,-0.11,-0.11,-0.06,1721206906193
-0.31,-1.53,19.34,-0.18,-0.06,0.14,1721206906203
0.95,7.92,8.52,0.18,0.04,0.15,1721206906213
2.04,-2.8,1.45,-0.17,-0.05,0.02,1721206906223
1.55,-8.76,18.84,-0.21,0.05,-0.17,1721206906233
0.17,16.69,14.71,0.49,-0.16,0.01,1721206906243
0.34,-0.75,-1.67,0.15,-0.03,0.06,1721206906253
1.98,-9.99,17.72,-0.41,0.22,-0.16,1721206906263
-1.05,12.5,20.04,0.38,-0.26,-0.25,1721206906273
-0.65,-3.37,-5.72,0.24,-0.07,-0.06,1721206906283
-0.67,-6.06,14.28,-0.15,0.32,0.03,1721206906293
0.78,4.09,18.9,0.44,-0.09,0.07,1721206906303
2.77,-0.77,-0.33,0.12,0.06,0.05,1721206906313
0.49,1.77,16.56,-0.07,0.03,-0.21,1721206906323
1.06,5.09,8.94,0.37,-0.02,-0.1,1721206906333
2.26,-6.12,-0.7,0.04,0.11,-0.04,1721206906343
1.58,-3.87,16.59,-0.04,0.15,-0.23,1721206906353
-0.98,4.92,15.36,0.3,-0.06,-0.33,1721206906363
-1.58,0.52,5.23,0.14,0.06,-0.07,1721206906373
-0.32,-1.56,15.52,0.0,0.21,0.0,1721206906383
1.41,3.59,13.87,0.24,0.06,-0.05,1721206906393
0.99,2.18,7.57,0.1,0.09,-0.26,1721206906403
-0.23,-3.16,11.77,-0.02,0.16,-0.32,1721206906413
-2.34,1.26,10.87,0.08,0.03,-0.14,1721206906423
-1.77,4.02,8.1,0.16,0.15,0.03,1721206906433
0.71,0.72,4.36,0.07,0.08,0.02,1721206906443
1.46,-1.29,10.9,-0.02,0.07,-0.06,1721206906453
0.84,3.08,11.63,0.15,0.04,-0.16,1721206906462
0.27,2.01,8.43,-0.13,0.11,-0.2,1721206906472
-2.95,1.4,15.63,-0.05,-0.04,-0.19,1721206906482
-2.75,-1.74,4.98,-0.01,0.0,-0.08,1721206906492
-1.07,-2.64,10.19,-0.18,0.14,0.08,1721206906502
-0.4,1.32,11.91,0.02,0.01,0.05,1721206906512
1.54,1.91,8.06,-0.03,0.05,-0.05,1721206906522
0.69,0.34,9.37,-0.05,0.0,-0.08,1721206906532
-0.13,-2.68,9.2,-0.17,0.04,-0.08,1721206906542
0.99,-1.34,15.73,-0.25,0.07,-0.04,1721206906552
1.76,3.83,15.21,-0.01,0.05,-0.05,1721206906562
0.25,-3.79,-0.89,-0.02,-0.14,-0.21,1721206906572
-0.53,-2.45,8.45,-0.14,0.18,-0.21,1721206906582
-0.78,5.71,15.12,0.14,-0.02,-0.12,1721206906592
-0.47,-0.71,8.2,-0.16,0.02,-0.07,1721206906602
-0.74,-2.08,14.05,-0.07,0.06,-0.05,1721206906612
0.41,-0.09,5.43,-0.0,0.07,-0.07,1721206906622
-0.96,4.93,10.05,0.03,0.03,-0.09,1721206906632
-0.88,-2.02,10.93,0.03,-0.04,-0.12,1721206906642
-0.7,-5.74,14.99,-0.07,0.11,-0.04,1721206906652
-0.72,4.77,12.06,0.19,-0.01,-0.03,1721206906662
0.91,3.94,6.82,0.0,0.01,0.02,1721206906672
0.58,-0.28,13.04,0.02,0.1,-0.19,1721206906682
-0.56,-4.01,9.21,0.17,-0.09,-0.22,1721206906692
-1.77,0.51,5.79,0.22,0.03,-0.04,1721206906702
-1.12,-0.58,10.87,-0.03,0.16,-0.01,1721206906712
0.56,-1.96,17.02,-0.01,-0.04,-0.02,1721206906722
1.2,4.14,7.48,0.46,0.01,-0.16,1721206906732
0.88,-6.47,-1.76,0.07,0.05,-0.17,1721206906742
0.07,-6.09,18.68,-0.08,0.2,-0.23,1721206906752
-0.45,6.23,19.28,0.33,-0.01,-0.26,1721206906762
-2.49,1.31,2.07,0.04,-0.02,-0.42,1721206906772
-4.45,2.52,8.81,0.15,-0.01,-0.11,1721206906782
-2.16,-0.29,4.74,0.1,0.14,0.07,1721206906792
0.36,-3.84,15.9,-0.14,0.12,-0.06,1721206906802
-0.25,7.29,14.02,0.26,-0.06,-0.31,1721206906812
-1.65,-1.44,2.61,-0.17,-0.03,-0.35,1721206906822
-4.54,-2.07,21.65,-0.16,0.0,-0.07,1721206906832
-2.19,1.03,7.32,0.37,-0.07,0.2,1721206906842
3.53,0.09,4.33,0.03,0.22,0.1,1721206906852
3.21,3.43,12.82,0.19,-0.09,-0.25,1721206906862
0.79,0.77,11.77,0.04,0.01,-0.41,1721206906872
-1.29,5.27,14.89,0.3,0.03,-0.32,1721206906882
-2.04,5.19,-0.55,0.19,-0.03,-0.18,1721206906892
-1.84,-1.28,9.67,-0.15,0.19,-0.07,1721206906902
-0.71,-2.79,8.43,0.18,-0.05,0.06,1721206906912
0.46,3.63,6.14,0.0,0.14,-0.04,1721206906922
0.42,0.65,10.55,-0.08,0.04,-0.13,1721206906932
-0.07,-6.05,13.99,-0.23,0.06,-0.24,1721206906942
-2.33,6.42,15.55,0.16,-0.02,-0.14,1721206906952
-3.26,0.6,2.34,-0.2,0.0,-0.05,1721206906962
-2.02,-4.31,16.14,-0.3,0.16,0.08,1721206906972
0.7,-2.23,11.76,-0.02,0.02,0.1,1721206906982
0.72,-0.54,9.55,-0.18,0.04,-0.07,1721206906992
0.14,1.55,10.35,-0.08,0.01,-0.01,1721206907002
-0.3,4.08,1.87,0.1,0.0,0.06,1721206907012
0.34,-3.54,4.62,-0.22,0.16,-0.07,1721206907022
-1.64,-1.3,16.4,-0.1,-0.05,-0.13,1721206907032
-2.61,3.05,6.85,0.11,-0.03,0.05,1721206907042
-0.8,-4.33,7.85,-0.4,0.12,0.19,1721206907052
0.33,-5.77,19.6,-0.31,0.05,0.25,1721206907062
2.11,10.05,13.33,0.12,0.02,0.19,1721206907072
3.19,2.21,3.83,-0.03,0.03,0.07,1721206907082
2.09,-8.01,14.79,-0.4,0.12,-0.17,1721206907092
-1.25,4.37,14.71,0.07,-0.11,-0.26,1721206907102
-1.34,5.04,5.18,0.1,0.05,-0.06,1721206907112
-1.65,-4.04,12.94,-0.17,0.13,0.08,1721206907122
0.75,3.89,13.8,0.16,0.01,0.19,1721206907132
2.13,1.07,5.82,0.06,0.1,0.03,1721206907142
1.02,-4.49,12.42,-0.15,0.03,-0.2,1721206907152
-0.45,7.67,13.55,0.28,0.02,-0.2,1721206907162
0.23,-0.81,2.55,0.27,0.02,0.13,1721206907172
0.09,-6.06,8.7,-0.02,0.22,0.08,1721206907181
0.11,3.06,13.75,0.3,-0.05,0.11,1721206907191
0.89,1.12,9.44,-0.05,0.12,0.09,1721206907201
0.18,4.23,21.81,-0.04,0.11,-0.05,1721206907211
1.71,3.69,3.62,0.32,-0.02,0.15,1721206907221
3.77,-7.71,0.18,-0.14,0.33,0.07,1721206907231
1.98,-3.41,19.66,-0.06,0.13,-0.33,1721206907241
-1.34,7.78,10.67,0.45,-0.06,-0.34,1721206907251
-1.16,-0.27,2.55,0.05,0.19,0.0,1721206907261
-0.16,-2.13,18.78,-0.08,0.24,0.04,1721206907271
0.59,2.69,11.09,0.29,0.03,-0.17,1721206907281
-0.53,0.11,2.49,-0.05,0.12,-0.31,1721206907291
-2.91,2.31,15.54,-0.14,0.2,-0.26,1721206907301
-3.25,1.82,8.92,0.13,-0.02,0.02,1721206907311
-0.59,-4.85,5.52,-0.22,0.23,0.09,1721206907321
0.84,-2.55,23.04,-0.34,0.16,-0.07,1721206907331
0.03,11.93,13.63,0.31,-0.11,-0.09,1721206907341
0.65,1.66,-3.49,-0.31,0.16,-0.1,1721206907351
-1.71,-5.53,18.9,-0.44,0.08,-0.14,1721206907361
-0.91,-1.66,13.32,-0.01,-0.03,-0.03,1721206907371
0.15,4.04,8.03,-0.13,0.1,0.04,1721206907381
0.47,2.19,5.96,-0.16,-0.02,-0.04,1721206907391
0.66,0.6,12.76,-0.15,0.05,-0.01,1721206907401
0.31,1.16,8.43,0.0,0.08,-0.09,1721206907411
0.26,-4.12,11.65,-0.35,0.1,-0.07,1721206907421
-0.73,-0.79,13.88,-0.12,-0.01,-0.05,1721206907431
-1.45,0.28,8.53,-0.19,0.07,0.02,1721206907441
-0.96,-0.65,12.18,-0.09,0.0,0.03,1721206907451
0.66,1.03,10.86,0.06,-0.01,0.15,1721206907461
0.91,-1.28,6.91,-0.05,0.04,0.11,1721206907471
1.62,-3.56,13.86,-0.2,0.08,0.04,1721206907481
1.42,7.93,12.85,0.08,0.04,-0.03,1721206907491
1.33,-1.47,3.1,0.01,-0.07,0.03,1721206907501
1.02,-6.66,12.48,-0.11,0.11,-0.01,1721206907511
0.49,8.92,13.97,0.35,0.01,-0.11,1721206907521
-0.22,4.66,4.27,0.17,-0.06,-0.03,1721206907531
-0.2,-4.21,13.59,-0.1,0.15,-0.04,1721206907541
-0.51,4.19,12.53,0.31,-0.04,-0.01,1721206907551
0.52,-1.43,1.75,0.14,0.05,-0.01,1721206907561
0.6,-3.67,14.8,-0.02,0.09,-0.07,1721206907571
-0.02,4.83,15.95,0.25,-0.01,-0.19,1721206907581
-0.86,3.76,5.94,0.2,-0.06,-0.19,1721206907591
-2.53,-3.74,5.91,0.07,0.0,-0.12,1721206907601
-0.38,-1.7,10.5,0.13,0.15,-0.05,1721206907611
0.58,4.41,9.62,0.22,0.02,-0.12,1721206907621
-0.6,1.06,8.6,0.13,0.04,-0.34,1721206907631
-2.07,2.23,7.98,0.13,-0.05,-0.26,1721206907641
-2.07,-2.61,9.73,-0.07,0.1,-0.15,1721206907651
-1.44,-2.13,12.6,-0.02,0.02,-0.11,1721206907661
-1.82,3.89,5.0,0.22,-0.05,-0.23,1721206907676
-2.09,3.12,3.42,0.13,-0.12,-0.27,1721206907680
-3.43,-6.0,12.87,-0.09,0.04,-0.2,1721206907690
-1.65,1.25,16.53,0.21,0.05,0.1,1721206907700
0.52,5.71,4.53,0.11,0.03,0.09,1721206907710
1.69,1.69,12.29,-0.1,0.03,-0.07,1721206907720
1.25,-1.3,11.14,0.04,-0.04,-0.18,1721206907730
-0.36,-0.39,8.96,0.05,0.02,-0.19,1721206907740
-0.44,-0.81,12.3,-0.04,0.07,-0.14,1721206907750
-0.92,2.16,10.93,0.12,-0.03,-0.0,1721206907760
-1.0,5.5,5.47,0.19,-0.01,0.09,1721206907770
0.8,1.03,8.54,0.11,0.05,0.1,1721206907780
1.3,-4.3,10.29,0.0,0.02,-0.02,1721206907790
-0.78,0.51,14.82,-0.08,0.02,-0.19,1721206907800
-3.81,6.38,13.99,-0.06,-0.1,-0.15,1721206907810
-4.45,3.53,8.67,-0.02,-0.03,0.14,1721206907820
-0.23,-6.22,4.27,-0.08,-0.02,0.54,1721206907830
3.56,-6.08,10.75,-0.16,0.15,0.27,1721206907840
2.55,6.11,13.44,0.12,-0.13,-0.17,1721206907850
-0.23,0.34,4.26,-0.0,-0.18,-0.25,1721206907860
-3.35,-1.67,13.96,-0.09,0.04,0.03,1721206907870
-1.19,-2.61,14.17,-0.0,0.07,0.22,1721206907880
1.05,1.63,13.81,-0.1,-0.01,0.09,1721206907890
0.8,7.14,9.5,0.07,-0.08,-0.07,1721206907900
-1.09,-3.43,1.73,-0.11,-0.11,-0.1,1721206907910
-1.17,-5.93,6.73,-0.03,-0.06,0.12,1721206907920
0.99,-0.46,6.18,0.17,0.06,0.04,1721206907930
1.12,1.03,13.44,-0.13,-0.02,-0.04,1721206907940
-0.81,3.45,13.8,0.06,-0.19,-0.03,1721206907950
0.04,-3.04,7.18,-0.16,0.04,-0.04,1721206907960
1.14,-2.51,16.07,-0.19,-0.03,0.04,1721206907970
0.09,1.75,14.73,-0.08,-0.08,-0.07,1721206907980
0.18,-0.47,11.05,-0.07,-0.04,-0.07,1721206907990
1.49,-1.96,2.43,0.05,0.0,-0.06,1721206908000
0.77,-0.85,8.26,-0.02,0.04,-0.03,1721206908010
0.77,5.52,14.64,0.09,0.1,-0.06,1721206908020
0.66,-0.74,8.68,-0.0,-0.08,-0.0,1721206908030
-0.36,-5.64,9.5,-0.14,0.06,-0.09,1721206908040
0.36,-0.83,12.11,0.02,-0.01,-0.06,1721206908050
0.41,-0.49,14.31,-0.08,0.1,0.01,1721206908060
-0.44,7.37,17.4,0.22,0.01,0.02,1721206908070
1.81,6.54,3.86,0.39,0.1,0.09,1721206908080
3.69,-2.26,3.63,0.04,0.2,-0.06,1721206908090
2.11,-2.26,12.91,-0.01,0.06,-0.27,1721206908100
-0.14,6.15,15.12,0.21,0.13,-0.31,1721206908110
-0.72,0.28,4.35,0.18,-0.02,0.08,1721206908120
1.71,-8.81,5.71,-0.02,0.27,0.02,1721206908130
2.31,-4.91,16.39,0.1,0.12,-0.29,1721206908140
-1.39,6.43,16.05,0.31,0.05,-0.41,1721206908150
-3.37,14.22,8.39,0.55,0.09,-0.12,1721206908160
-1.13,-4.54,0.2,0.1,0.22,0.08,1721206908170
0.78,-13.31,12.81,-0.18,0.25,0.04,1721206908180
0.22,4.75,20.76,0.27,0.12,-0.17,1721206908190
-0.09,11.25,5.85,0.51,0.07,-0.17,1721206908200
-1.06,3.2,-3.18,0.2,0.12,-0.12,1721206908210
-0.35,-2.74,9.59,-0.02,0.13,0.06,1721206908220
0.56,-1.71,12.94,0.1,0.07,-0.08,1721206908230
0.46,1.1,7.65,-0.08,0.11,-0.17,1721206908240
-1.8,1.5,15.12,-0.15,0.07,-0.12,1721206908250
-2.27,-0.15,12.61,0.08,0.02,-0.07,1721206908260
-2.16,0.48,7.04,0.09,0.0,0.12,1721206908270
-0.23,3.9,14.68,-0.12,0.13,0.16,1721206908280
1.17,7.26,7.82,0.16,-0.08,0.07,1721206908290
0.38,-0.72,-5.84,-0.05,-0.12,0.04,1721206908300
0.26,-6.27,5.32,-0.32,0.09,0.08,1721206908310
1.22,-9.46,21.65,-0.37,0.02,0.01,1721206908320
-0.83,9.02,23.34,0.14,-0.09,-0.02,1721206908330
-1.69,2.48,-4.33,-0.02,-0.25,-0.04,1721206908340
-0.06,-0.31,11.65,-0.41,0.23,0.09,1721206908350
1.4,2.38,15.12,0.01,-0.12,0.18,1721206908360
1.08,-7.02,4.03,-0.31,-0.06,-0.14,1721206908370
-1.48,-7.71,15.23,-0.32,-0.06,-0.22,1721206908380
-2.73,3.5,14.19,0.0,-0.06,-0.04,1721206908390
-1.41,5.06,10.97,-0.03,0.01,0.14,1721206908400
-0.11,-1.84,8.02,-0.06,-0.19,0.21,1721206908410
2.05,1.84,12.85,0.1,0.05,0.07,1721206908420
3.24,-1.05,2.04,0.11,-0.1,-0.07,1721206908430
1.44,-6.18,11.72,-0.42,0.07,-0.33,1721206908440
-1.47,6.21,24.08,0.06,-0.17,-0.4,1721206908450
-5.42,-1.85,-1.37,0.14,-0.23,-0.3,1721206908460
-3.73,-6.45,12.29,-0.21,0.21,0.13,1721206908470
1.0,6.44,22.02,0.16,0.01,0.33,1721206908480
2.81,8.84,9.03,0.21,-0.12,-0.0,1721206908490
2.34,-1.34,4.61,0.0,-0.11,-0.38,1721206908500
-1.12,-6.02,8.76,0.03,-0.11,-0.4,1721206908510
-2.5,-2.96,14.47,0.01,0.02,-0.2,1721206908520
-2.34,7.2,14.63,0.18,-0.05,-0.12,1721206908530
-2.61,8.11,5.94,0.31,-0.15,-0.07,1721206908540
-0.61,1.87,10.41,0.09,0.04,0.02,1721206908550
0.81,-6.46,7.75,0.1,-0.1,0.03,1721206908560
1.36,-2.26,5.5,0.07,0.01,-0.12,1721206908570
-0.31,2.86,11.19,0.06,-0.07,-0.31,1721206908580
-1.52,5.16,18.58,0.24,-0.03,-0.19,1721206908590
-2.09,4.18,2.72,0.48,-0.19,0.11,1721206908600
1.69,-5.41,7.41,-0.12,0.15,0.19,1721206908610
3.79,9.13,16.65,0.34,0.03,-0.06,1721206908620
2.58,0.26,-4.97,-0.04,-0.16,-0.29,1721206908630
-1.28,-4.09,15.1,-0.34,0.1,-0.34,1721206908640
-2.18,-6.73,15.89,0.1,-0.1,-0.08,1721206908650
-1.56,0.91,11.52,-0.01,0.06,-0.04,1721206908660
-1.77,5.29,7.61,-0.03,-0.13,-0.06,1721206908670
-0.99,1.53,9.66,-0.21,-0.03,0.0,1721206908680
-0.03,0.23,8.57,0.0,-0.1,0.14,1721206908690
-0.05,-6.56,5.74,-0.35,-0.04,-0.06,1721206908700
-1.93,-3.77,21.31,-0.42,-0.06,-0.18,1721206908710
-3.51,4.19,19.54,-0.08,-0.23,-0.04,1721206908720
-2.9,5.42,2.15,0.03,-0.17,0.26,1721206908730
0.7,-0.1,2.9,-0.21,0.03,0.34,1721206908740
2.66,-4.54,12.16,-0.21,-0.07,0.03,1721206908750
1.59,-1.46,14.16,-0.17,-0.16,-0.27,1721206908760
-2.72,3.07,9.21,-0.12,-0.22,-0.21,1721206908770
-4.02,1.41,13.45,-0.25,-0.12,0.16,1721206908780
-1.11,0.91,12.68,-0.09,-0.16,0.39,1721206908790
2.98,-5.26,7.82,-0.23,-0.11,0.18,1721206908800
2.07,4.4,13.68,-0.12,-0.15,-0.22,1721206908810
-1.19,5.78,12.46,-0.07,-0.29,-0.18,1721206908820
-2.86,-2.2,9.33,-0.02,-0.22,0.07,1721206908830
-1.36,-8.05,3.62,0.1,-0.21,0.27,1721206908840
1.58,-2.6,10.6,0.07,-0.08,0.18,1721206908850
1.23,2.18,16.77,0.08,-0.35,0.16,1721206908860
2.02,12.48,14.37,0.3,-0.14,0.14,1721206908870
2.43,8.1,6.58,0.23,-0.22,0.03,1721206908880
3.41,-11.86,2.73,-0.18,-0.16,-0.0,1721206908890
2.08,-9.63,14.53,-0.23,0.03,-0.28,1721206908900
-0.74,9.34,17.64,0.2,-0.28,-0.35,1721206908910
-2.11,2.41,3.53,0.21,-0.23,-0.03,1721206908920
0.47,-3.62,4.33,0.1,0.01,0.26,1721206908930
5.6,-5.37,8.4,-0.01,0.09,0.05,1721206908940
3.38,4.3,18.84,-0.02,-0.06,-0.5,1721206908950
-1.16,4.8,10.98,0.2,-0.24,-0.6,1721206908960
-2.42,-2.31,11.62,-0.15,0.05,-0.26,1721206908970
-1.26,-6.28,14.94,0.02,-0.03,0.05,1721206908980
2.19,-3.58,4.49,0.04,0.08,-0.18,1721206908990
2.07,11.06,8.55,0.27,0.06,-0.39,1721206909000
1.22,9.07,4.96,0.28,0.04,-0.47,1721206909010
-0.65,-8.5,4.97,-0.05,0.02,-0.58,1721206909020
-1.34,-12.73,11.56,-0.23,0.16,-0.49,1721206909030
-2.87,0.12,23.59,-0.31,0.09,-0.46,1721206909040
-2.22,8.32,25.19,0.05,0.02,-0.31,1721206909050
-0.12,5.64,-3.62,0.44,-0.0,-0.13,1721206909060
3.56,-6.33,1.89,-0.19,0.51,-0.29,1721206909070
1.09,6.5,21.46,0.07,0.07,-0.69,1721206909080
-2.04,5.8,5.91,0.07,0.02,-0.77,1721206909090
-4.58,1.76,6.37,-0.12,0.3,-0.47,1721206909100
-2.36,-7.16,7.56,-0.12,0.22,-0.13,1721206909110
1.17,-4.87,11.22,-0.07,0.22,-0.06,1721206909120
2.67,2.68,17.86,-0.13,0.24,-0.38,1721206909130
0.42,6.13,14.36,0.06,0.08,-0.61,1721206909140
-2.36,-1.08,-8.71,0.19,0.04,-0.43,1721206909150
-0.54,-11.97,11.62,-0.54,0.67,-0.4,1721206909160
-1.05,10.32,31.99,0.14,0.04,-0.31,1721206909170
-1.59,7.27,5.5,0.28,0.19,-0.34,1721206909180
0.09,-2.92,0.45,-0.36,0.39,-0.32,1721206909190
0.67,0.75,13.85,-0.17,0.33,-0.18,1721206909200
1.43,-1.48,5.78,0.04,0.23,-0.32,1721206909210
0.45,-6.58,4.26,-0.04,0.34,-0.64,1721206909220
-3.51,-0.42,8.39,0.18,0.25,-0.6,1721206909230
-5.99,-2.08,14.44,-0.19,0.36,-0.36,1721206909240
-4.45,3.14,28.74,-0.23,0.26,0.03,1721206909250
-0.04,5.2,14.37,0.13,0.3,0.17,1721206909260
1.22,-3.33,-4.47,-0.03,0.24,-0.16,1721206909270
2.86,-6.37,6.73,-0.2,0.49,-0.44,1721206909280
-0.4,6.57,20.85,0.06,0.27,-0.44,1721206909290
-4.63,2.38,8.44,0.1,0.08,-0.41,1721206909300
-5.32,4.59,5.34,0.21,0.3,-0.08,1721206909310
-3.15,-3.01,-0.15,0.03,0.3,0.31,1721206909320
2.71,-9.36,22.5,-0.41,0.48,0.26,1721206909330
3.28,4.11,24.2,0.27,0.09,-0.08,1721206909340
0.23,-4.24,-3.6,-0.01,0.04,-0.41,1721206909350
-6.39,-3.95,11.67,-0.11,0.26,-0.22,1721206909360
-2.96,-1.15,21.16,-0.03,0.25,0.04,1721206909370
-2.95,7.16,-3.73,0.51,-0.11,0.35,1721206909380
5.89,1.13,7.31,-0.06,0.78,0.14,1721206909390
9.0,4.62,14.2,-0.03,-0.18,-0.02,1721206909400
-2.97,2.31,3.74,0.19,0.01,-0.21,1721206909410
-0.97,-1.01,16.16,-0.22,0.48,-0.2,1721206909420
-3.44,3.32,15.54,0.32,-0.12,0.09,1721206909430
-2.72,3.19,3.14,0.22,0.13,0.36,1721206909440
1.53,3.34,19.96,-0.08,0.27,0.31,1721206909450
2.72,7.04,12.39,0.22,-0.02,0.09,1721206909460
1.71,-7.71,1.27,-0.32,0.15,-0.16,1721206909470
-3.56,0.29,19.99,-0.04,-0.01,-0.22,1721206909480
-2.36,6.01,6.73,0.44,0.04,0.08,1721206909490
-0.93,-2.98,0.05,0.14,0.13,0.33,1721206909500
1.07,3.12,12.23,0.36,0.1,0.23,1721206909510
3.5,5.47,5.32,0.34,0.1,0.01,1721206909520
0.14,-5.72,11.52,-0.32,0.06,-0.23,1721206909530
-3.64,8.53,25.38,0.21,0.04,-0.13,1721206909540
-3.2,4.09,-6.7,0.4,-0.14,0.23,1721206909550
-0.89,-10.55,6.46,-0.48,0.22,0.51,1721206909560
1.59,4.79,24.46,0.09,0.01,0.36,1721206909570
3.2,7.86,-2.86,0.41,-0.15,-0.03,1721206909580
-0.82,-5.94,-3.81,-0.28,-0.06,-0.2,1721206909590
-3.97,-1.26,19.69,-0.09,0.07,0.14,1721206909600
-1.09,-1.75,14.96,-0.05,0.02,0.24,1721206909610
-1.43,-1.49,21.98,-0.33,-0.08,0.09,1721206909620
